full_url,player,country,age,team,firepower,rating_2,kpr,damage_per_round,dpr_win,rounds_with_kill,pistol_round_rating,rounds_with_multi_kill,entrying,saved_by_teammate_pr,traded_deaths_pr,traded_death_percentage,opening_death_traded_percentage,asists_pr,support_rounds,opening,opening_kills_pr,opening_deaths_pr,opening_attempts,opening_sucess,win_percent_after_open_kill,attacks_per_round,sniping,sniping_kpr,sniping_k_percentage,rounds_w_sniping_k_percentage,sniping_multi_kill_rounds,sniping_opening_kpr,trading,saved_teammate_pr,trade_kills_pr,trade_kills_percentage,assisted_kills_percentage,damage_per_kill,clutching,clutch_points_pr,last_alive_percentage,one_v_one_percentage,time_alive_pr,saved_per_round_loss,utility,utility_damage_pr,utility_kills_per100_r,flashes_thrown_pr,flash_assists_pr,timme_opponent_flashed_pr,is_igl
https://www.hltv.org/stats/players/2553/snax,Snax,Poland,31 years,G2,0.62,1.02,0.69,74.1,68.7,0.47,,0.17,0.06,0.08,0.09,0.15,0.15,0.13,0.18,0.62,0.11,0.11,0.22,50.9%,0.73,2.64,0.32,0.14,0.2,0.1,0.04,0.03,0.06,0.08,0.09,0.12,0.19,77,0.42,0.02,0.09,0.61,0.43,0.07,0.5,4.7,1.13,0.5,0.03,2.01,True
https://www.hltv.org/stats/players/3741/niko,NiKo,Bosnia and Herzegovina,27 years,G2,0.94,1.15,0.79,85.4,95.7,0.51,,0.2,0.11,0.08,0.1,0.17,0.17,0.14,0.16,0.86,0.14,0.12,0.26,54.9%,0.73,2.84,0.11,0.06,0.08,0.05,0.02,0.02,0.2,0.1,0.11,0.14,0.16,93,0.43,0.02,0.09,0.6,0.54,0.06,0.64,4.81,0.74,0.64,0.04,2.03,False
https://www.hltv.org/stats/players/3972/hunter,huNter-,Bosnia and Herzegovina,28 years,G2,0.89,1.1,0.76,82.8,105.6,0.5,,0.19,0.46,0.1,0.14,0.24,0.24,0.15,0.17,0.64,0.11,0.1,0.21,53.8%,0.76,3.17,0.0,0.01,0.01,0.01,0.002,0.0007,0.49,0.11,0.15,0.2,0.19,108,0.42,0.02,0.09,0.58,0.62,0.06,0.68,5.61,1.09,0.62,0.03,2.03,False
https://www.hltv.org/stats/players/11617/malbsmd,malbsMd,Guatemala,22 years,G2,0.88,1.14,0.76,81.6,107.8,0.49,1.26,0.19,0.68,0.11,0.15,0.26,0.26,0.14,0.15,0.81,0.13,0.12,0.25,52.3%,0.73,2.73,0.0,0.0,0.0,0.0,0.0004,0.0002,0.41,0.11,0.14,0.18,0.19,108,0.36,0.02,0.08,0.62,0.58,0.04,0.54,5.37,1.02,0.46,0.03,2.26,False
https://www.hltv.org/stats/players/19230/m0nesy,m0NESY,Russia,19 years,G2,0.89,1.23,0.78,79.6,102.6,0.51,1.27,0.2,0.26,0.09,0.11,0.22,0.22,0.11,0.18,0.82,0.14,0.08,0.22,63.0%,0.75,1.98,0.93,0.39,0.5,0.29,0.1,0.09,0.5,0.11,0.15,0.2,0.18,102,0.64,0.03,0.11,0.6,0.68,0.1,0.57,2.81,0.53,0.7,0.08,2.53,False
https://www.hltv.org/stats/players/7716/chopper,chopper,Russia,27 years,Spirit,0.4,0.95,0.64,70.8,88.6,0.44,,0.15,0.56,0.11,0.14,0.26,0.26,0.13,0.19,0.45,0.09,0.11,0.2,46.8%,0.72,2.63,0.0,0.01,0.01,0.0,0.0008,0.0006,0.14,0.08,0.11,0.17,0.19,108,0.42,0.02,0.09,0.55,0.63,0.06,0.69,4.42,0.88,0.73,0.05,2.27,True
https://www.hltv.org/stats/players/16920/sh1ro,sh1ro,Russia,23 years,Spirit,0.85,1.25,0.77,78.3,98.1,0.51,1.27,0.19,0.15,0.08,0.1,0.21,0.21,0.11,0.21,0.6,0.11,0.06,0.17,66.1%,0.77,2.11,0.94,0.43,0.55,0.33,0.11,0.09,0.61,0.11,0.17,0.22,0.2,101,0.83,0.03,0.15,0.65,0.73,0.16,0.65,3.92,0.87,0.71,0.07,2.37,False
https://www.hltv.org/stats/players/18317/magixx,magixx,Russia,21 years,Spirit,0.38,1.05,0.64,70.2,88.2,0.44,1.14,0.15,0.64,0.1,0.14,0.29,0.29,0.13,0.22,0.38,0.09,0.09,0.18,50.2%,0.76,2.49,0.03,0.02,0.03,0.02,0.004,0.003,0.36,0.1,0.13,0.2,0.19,110,0.45,0.02,0.09,0.61,0.68,0.1,0.51,4.38,0.84,0.53,0.03,2.27,False
https://www.hltv.org/stats/players/20423/zont1x,zont1x,Ukraine,19 years,Spirit,0.62,1.1,0.68,77.3,97.1,0.46,1.14,0.16,0.41,0.1,0.13,0.21,0.21,0.16,0.21,0.56,0.1,0.1,0.2,51.5%,0.73,3.02,0.0,0.01,0.01,0.01,0.001,0.001,0.28,0.1,0.12,0.18,0.2,114,0.44,0.02,0.08,0.72,0.64,0.07,0.52,5.38,1.12,0.42,0.03,2.31,False
https://www.hltv.org/stats/players/21167/donk,donk,Russia,17 years,Spirit,0.98,1.27,0.85,88.8,115.9,0.53,1.35,0.22,0.64,0.11,0.15,0.24,0.24,0.15,0.16,0.87,0.14,0.11,0.25,55.8%,0.74,2.84,0.01,0.01,0.02,0.01,0.003,0.001,0.71,0.15,0.17,0.21,0.2,105,0.39,0.02,0.07,0.69,0.62,0.07,0.28,3.63,0.64,0.39,0.02,2.0,False
https://www.hltv.org/stats/players/9816/aleksib,Aleksib,Finland,27 years,Natus Vincere,0.36,0.94,0.62,72.2,91.8,0.44,,0.14,0.64,0.11,0.15,0.27,0.27,0.17,0.21,0.46,0.09,0.11,0.2,46.7%,0.74,3.1,0.03,0.02,0.03,0.02,0.004,0.003,0.31,0.09,0.12,0.2,0.21,116,0.35,0.01,0.08,0.55,0.65,0.07,0.92,8.12,1.94,0.81,0.07,2.45,True
https://www.hltv.org/stats/players/14759/im,iM,Romania,25 years,Natus Vincere,0.83,1.12,0.73,81.5,107.3,0.49,1.14,0.18,0.37,0.09,0.13,0.24,0.24,0.14,0.16,0.72,0.12,0.11,0.23,51.6%,0.72,2.97,0.0,0.01,0.01,0.01,0.001,0.0005,0.23,0.09,0.13,0.17,0.17,111,0.43,0.02,0.09,0.59,0.6,0.06,0.38,3.69,0.64,0.46,0.03,2.18,False
https://www.hltv.org/stats/players/18987/b1t,b1t,Ukraine,21 years,Natus Vincere,0.68,1.12,0.7,75.8,97.4,0.48,1.26,0.17,0.42,0.09,0.13,0.23,0.23,0.13,0.19,0.69,0.12,0.1,0.22,53.6%,0.74,2.51,0.01,0.01,0.02,0.01,0.003,0.002,0.32,0.1,0.13,0.18,0.18,108,0.45,0.02,0.08,0.59,0.69,0.09,0.55,3.98,0.63,0.61,0.04,2.12,False
https://www.hltv.org/stats/players/19206/jl,jL,Lithuania,25 years,Natus Vincere,0.79,1.12,0.73,78.7,102.0,0.48,1.12,0.18,0.44,0.09,0.14,0.24,0.24,0.14,0.17,0.6,0.11,0.1,0.21,52.0%,0.74,2.7,0.12,0.07,0.09,0.05,0.02,0.01,0.36,0.1,0.14,0.19,0.19,108,0.47,0.02,0.08,0.7,0.66,0.06,0.56,4.55,0.86,0.56,0.04,2.25,False
https://www.hltv.org/stats/players/20127/w0nderful,w0nderful,Ukraine,20 years,Natus Vincere,0.81,1.2,0.76,76.6,97.1,0.51,1.23,0.19,0.27,0.09,0.11,0.24,0.24,0.1,0.19,0.55,0.11,0.06,0.17,63.3%,0.74,2.12,0.91,0.32,0.42,0.25,0.08,0.07,0.64,0.12,0.16,0.21,0.21,101,0.71,0.03,0.14,0.56,0.77,0.13,0.48,3.24,0.68,0.59,0.05,2.28,False
https://www.hltv.org/stats/players/7322/apex,apEX,France,31 years,Vitality,0.66,0.99,0.69,76.8,70.8,0.46,,0.17,0.15,0.1,0.1,0.15,0.15,0.16,0.16,0.68,0.11,0.12,0.24,48.0%,0.76,2.91,0.0,0.01,0.01,0.01,0.001,0.002,0.09,0.09,0.09,0.13,0.19,80,0.22,0.01,0.06,0.58,0.44,0.04,0.57,5.65,1.12,0.43,0.05,2.38,True
https://www.hltv.org/stats/players/11893/zywoo,ZywOo,France,24 years,Vitality,0.98,1.33,0.84,87.4,113.1,0.53,1.43,0.22,0.42,0.09,0.13,0.25,0.25,0.13,0.17,0.89,0.15,0.09,0.24,61.9%,0.74,2.45,0.87,0.31,0.37,0.23,0.08,0.07,0.54,0.12,0.16,0.19,0.18,104,0.76,0.03,0.11,0.67,0.66,0.08,0.61,3.69,0.96,0.69,0.06,2.35,False
https://www.hltv.org/stats/players/16693/flamez,flameZ,Israel,21 years,Vitality,0.71,1.12,0.7,77.9,101.0,0.47,1.12,0.17,0.77,0.11,0.16,0.3,0.3,0.15,0.19,0.73,0.12,0.12,0.24,49.4%,0.73,2.9,0.0,0.01,0.01,0.0,0.0008,0.0005,0.45,0.11,0.14,0.2,0.19,111,0.49,0.02,0.08,0.67,0.63,0.07,0.81,5.73,1.05,0.84,0.05,2.08,False
https://www.hltv.org/stats/players/18221/spinx,Spinx,Israel,24 years,Vitality,0.79,1.13,0.73,78.0,99.1,0.49,1.1,0.18,0.3,0.09,0.12,0.24,0.24,0.13,0.18,0.51,0.1,0.09,0.19,53.8%,0.73,2.67,0.02,0.02,0.02,0.01,0.003,0.002,0.41,0.1,0.14,0.19,0.19,107,0.59,0.02,0.11,0.67,0.65,0.08,0.3,3.46,0.73,0.39,0.02,2.41,False
https://www.hltv.org/stats/players/18462/mezii,mezii,United Kingdom,26 years,Vitality,0.69,1.11,0.7,77.4,96.4,0.47,1.17,0.17,0.44,0.1,0.13,0.28,0.28,0.14,0.21,0.34,0.09,0.08,0.16,52.8%,0.72,2.86,0.04,0.03,0.04,0.02,0.006,0.005,0.59,0.11,0.15,0.22,0.2,111,0.68,0.03,0.12,0.58,0.68,0.07,0.77,5.18,0.86,0.74,0.05,2.41,False
https://www.hltv.org/stats/players/429/karrigan,karrigan,Denmark,34 years,FaZe,0.29,0.9,0.61,67.8,64.2,0.42,,0.14,0.15,0.09,0.11,0.18,0.18,0.14,0.18,0.52,0.1,0.13,0.22,44.0%,0.74,2.63,0.11,0.06,0.1,0.04,0.01,0.01,0.03,0.07,0.07,0.12,0.19,82,0.27,0.01,0.05,0.6,0.44,0.03,0.63,5.06,0.84,0.61,0.03,1.89,True
https://www.hltv.org/stats/players/8183/rain,rain,Norway,30 years,FaZe,0.73,1.02,0.7,79.2,90.6,0.47,,0.17,0.35,0.1,0.13,0.21,0.21,0.15,0.17,0.77,0.12,0.13,0.25,49.2%,0.75,2.75,0.0,0.0,0.0,0.0,0.0007,0.0006,0.13,0.09,0.1,0.15,0.17,97,0.28,0.02,0.06,0.62,0.51,0.05,0.39,3.98,0.63,0.48,0.02,1.77,False
https://www.hltv.org/stats/players/9960/frozen,frozen,Slovakia,22 years,FaZe,0.87,1.12,0.75,82.7,104.0,0.49,,0.19,0.36,0.09,0.13,0.25,0.25,0.15,0.19,0.58,0.11,0.09,0.2,53.0%,0.74,2.91,0.05,0.03,0.04,0.02,0.007,0.005,0.46,0.11,0.15,0.19,0.18,109,0.52,0.02,0.11,0.6,0.57,0.08,0.63,5.36,1.1,0.56,0.03,2.12,False
https://www.hltv.org/stats/players/11816/ropz,ropz,Estonia,24 years,FaZe,0.81,1.15,0.74,78.4,99.5,0.49,1.15,0.18,0.08,0.07,0.1,0.18,0.18,0.11,0.19,0.47,0.1,0.08,0.18,55.5%,0.73,2.54,0.05,0.03,0.04,0.02,0.008,0.006,0.32,0.09,0.14,0.18,0.17,106,0.61,0.02,0.13,0.59,0.66,0.1,0.22,2.63,0.45,0.39,0.03,2.07,False
https://www.hltv.org/stats/players/18053/broky,broky,Latvia,23 years,FaZe,0.64,1.11,0.71,73.1,94.1,0.48,1.17,0.17,0.41,0.1,0.12,0.28,0.28,0.11,0.19,0.36,0.09,0.06,0.14,60.7%,0.75,2.16,0.87,0.28,0.39,0.22,0.07,0.05,0.58,0.11,0.15,0.22,0.2,103,0.65,0.02,0.13,0.65,0.69,0.11,0.63,3.53,0.72,0.85,0.06,2.15,False
https://www.hltv.org/stats/players/13666/brollan,Brollan,Sweden,22 years,MOUZ,0.75,1.11,0.71,78.5,102.0,0.47,1.09,0.18,0.42,0.09,0.13,0.24,0.24,0.14,0.17,0.77,0.12,0.12,0.25,50.7%,0.73,2.97,0.0,0.01,0.01,0.01,0.002,0.001,0.3,0.1,0.13,0.18,0.18,110,0.44,0.02,0.08,0.64,0.62,0.05,0.56,4.99,1.0,0.51,0.03,2.33,False
https://www.hltv.org/stats/players/16820/siuhy,siuhy,Poland,22 years,MOUZ,0.58,1.04,0.67,75.2,98.2,0.46,0.97,0.16,0.55,0.1,0.14,0.25,0.25,0.14,0.16,0.62,0.11,0.12,0.23,47.4%,0.76,2.82,0.0,0.01,0.01,0.0,0.001,0.0006,0.23,0.08,0.12,0.18,0.2,112,0.37,0.02,0.08,0.55,0.59,0.04,0.72,4.61,0.66,0.83,0.05,2.23,True
https://www.hltv.org/stats/players/18072/torzsi,torzsi,Hungary,22 years,MOUZ,0.75,1.15,0.74,74.7,98.0,0.5,1.16,0.18,0.18,0.09,0.11,0.19,0.19,0.1,0.17,0.67,0.12,0.07,0.19,60.9%,0.77,1.9,0.94,0.41,0.55,0.31,0.11,0.09,0.44,0.1,0.15,0.2,0.2,101,0.7,0.03,0.13,0.59,0.66,0.1,0.55,2.6,0.66,0.7,0.07,2.4,False
https://www.hltv.org/stats/players/18850/jimpphat,Jimpphat,Finland,18 years,MOUZ,0.81,1.16,0.73,79.1,98.9,0.48,1.16,0.18,0.39,0.09,0.12,0.27,0.27,0.15,0.22,0.26,0.07,0.07,0.14,53.2%,0.76,3.0,0.0,0.0,0.0,0.0,0.0003,0.0,0.68,0.12,0.16,0.22,0.22,108,0.7,0.03,0.12,0.64,0.69,0.11,0.48,4.91,1.02,0.44,0.03,2.26,False
https://www.hltv.org/stats/players/20312/xertion,xertioN,Israel,20 years,MOUZ,0.75,1.12,0.71,80.0,104.1,0.48,1.12,0.18,0.54,0.1,0.14,0.22,0.22,0.17,0.18,0.8,0.13,0.13,0.26,48.9%,0.75,3.0,0.0,0.0,0.0,0.0,0.0005,0.0001,0.2,0.09,0.12,0.16,0.19,113,0.3,0.01,0.07,0.6,0.59,0.06,0.63,6.03,0.95,0.54,0.03,2.0,False
https://www.hltv.org/stats/players/20194/blitz,bLitz,Mongolia,23 years,The MongolZ,0.83,1.14,0.73,82.6,105.7,0.49,1.04,0.18,0.38,0.09,0.13,0.23,0.23,0.18,0.17,0.65,0.11,0.11,0.22,50.5%,0.73,3.08,0.04,0.03,0.04,0.02,0.006,0.006,0.38,0.1,0.14,0.19,0.2,113,0.44,0.02,0.09,0.62,0.61,0.05,0.88,7.31,1.49,0.73,0.06,2.49,True
https://www.hltv.org/stats/players/20275/techno,Techno,Mongolia,19 years,The MongolZ,0.55,1.04,0.67,73.4,95.0,0.45,1.08,0.16,0.65,0.1,0.15,0.29,0.29,0.14,0.18,0.43,0.09,0.11,0.2,46.3%,0.74,2.66,0.0,0.0,0.0,0.0,0.0003,0.0001,0.32,0.1,0.13,0.19,0.21,109,0.48,0.02,0.08,0.67,0.61,0.05,0.41,4.37,0.79,0.43,0.03,2.15,False
https://www.hltv.org/stats/players/20903/senzu,Senzu,Mongolia,18 years,The MongolZ,0.82,1.13,0.73,80.0,105.2,0.48,1.28,0.18,0.32,0.09,0.13,0.24,0.24,0.18,0.16,0.79,0.13,0.11,0.24,52.2%,0.76,2.56,0.11,0.07,0.09,0.05,0.01,0.01,0.29,0.1,0.13,0.17,0.23,109,0.44,0.02,0.1,0.64,0.6,0.05,0.37,4.56,0.86,0.37,0.02,2.01,False
https://www.hltv.org/stats/players/21001/mzinho,mzinho,Mongolia,17 years,The MongolZ,0.48,1.04,0.65,72.6,92.6,0.44,1.12,0.16,0.54,0.1,0.14,0.28,0.28,0.17,0.21,0.34,0.08,0.09,0.18,48.1%,0.76,2.46,0.0,0.01,0.01,0.0,0.002,0.001,0.31,0.09,0.13,0.19,0.22,111,0.44,0.02,0.09,0.75,0.62,0.05,0.46,4.0,0.69,0.5,0.04,2.28,False
https://www.hltv.org/stats/players/21809/910,910,Mongolia,22 years,The MongolZ,0.64,1.11,0.71,72.3,91.0,0.48,1.11,0.17,0.15,0.08,0.1,0.23,0.23,0.11,0.19,0.57,0.11,0.08,0.19,57.4%,0.75,1.93,0.92,0.33,0.46,0.27,0.09,0.07,0.51,0.1,0.15,0.21,0.23,102,0.7,0.03,0.14,0.56,0.64,0.07,0.43,2.77,0.63,0.55,0.05,2.35,False
https://www.hltv.org/stats/players/9436/nertz,NertZ,Israel,25 years,HEROIC,0.88,1.1,0.75,82.6,109.8,0.49,,0.19,0.26,0.09,0.12,0.22,0.22,0.15,0.16,0.81,0.13,0.11,0.24,54.6%,0.74,2.98,0.02,0.02,0.02,0.01,0.004,0.003,0.3,0.1,0.13,0.17,0.18,109,0.45,0.02,0.09,0.68,0.61,0.08,0.47,4.34,0.82,0.5,0.03,2.33,False
https://www.hltv.org/stats/players/12018/teses,TeSeS,Denmark,24 years,HEROIC,0.72,1.1,0.71,77.6,99.8,0.48,1.14,0.18,0.63,0.11,0.15,0.29,0.29,0.15,0.18,0.58,0.11,0.1,0.21,50.1%,0.73,2.81,0.0,0.01,0.01,0.0,0.001,0.0003,0.55,0.12,0.15,0.21,0.19,110,0.4,0.02,0.08,0.61,0.62,0.06,0.61,4.72,0.74,0.61,0.03,2.15,False
https://www.hltv.org/stats/players/14148/sjuush,sjuush,Denmark,25 years,HEROIC,0.59,1.08,0.68,74.9,95.2,0.46,1.09,0.16,0.57,0.11,0.14,0.28,0.28,0.14,0.2,0.41,0.09,0.09,0.18,50.8%,0.73,2.76,0.01,0.01,0.02,0.01,0.003,0.001,0.42,0.1,0.14,0.2,0.18,111,0.46,0.02,0.09,0.59,0.64,0.07,0.54,4.11,0.84,0.59,0.04,2.2,False
https://www.hltv.org/stats/players/17306/degster,degster,Russia,23 years,HEROIC,0.85,1.19,0.77,77.7,100.8,0.51,1.25,0.2,0.12,0.08,0.1,0.19,0.19,0.09,0.18,0.75,0.13,0.08,0.2,62.5%,0.74,1.91,0.93,0.4,0.52,0.31,0.11,0.1,0.45,0.1,0.15,0.2,0.17,101,0.65,0.03,0.13,0.56,0.65,0.12,0.42,2.82,0.93,0.53,0.05,2.43,False
https://www.hltv.org/stats/players/19677/kyxsan,kyxsan,North Macedonia,24 years,HEROIC,0.5,1.03,0.65,73.7,92.7,0.45,0.95,0.16,0.56,0.1,0.14,0.28,0.28,0.15,0.2,0.39,0.09,0.1,0.19,46.8%,0.71,3.02,0.0,0.01,0.01,0.0,0.0007,0.001,0.27,0.09,0.12,0.19,0.21,113,0.5,0.02,0.1,0.65,0.66,0.06,0.89,6.7,1.18,0.88,0.07,2.26,True
https://www.hltv.org/stats/players/4679/jks,jks,Australia,29 years,Liquid,0.67,1.06,0.69,76.4,90.6,0.46,,0.17,0.24,0.09,0.11,0.23,0.23,0.13,0.2,0.3,0.08,0.07,0.15,53.0%,0.73,2.87,0.03,0.02,0.03,0.02,0.005,0.004,0.44,0.11,0.14,0.2,0.19,104,0.67,0.03,0.12,0.64,0.62,0.08,0.65,5.3,1.17,0.61,0.03,1.96,False
https://www.hltv.org/stats/players/8520/naf,NAF,Canada,27 years,Liquid,0.8,1.08,0.72,81.0,89.0,0.49,,0.18,0.23,0.09,0.11,0.21,0.21,0.16,0.2,0.38,0.09,0.07,0.16,55.5%,0.75,3.17,0.11,0.06,0.09,0.05,0.01,0.01,0.41,0.11,0.14,0.19,0.2,99,0.55,0.02,0.11,0.6,0.58,0.08,0.72,5.93,1.28,0.63,0.04,1.97,False
https://www.hltv.org/stats/players/10394/twistzz,Twistzz,Canada,25 years,Liquid,0.76,1.1,0.73,76.8,96.4,0.48,,0.18,0.56,0.1,0.14,0.3,0.3,0.13,0.2,0.37,0.09,0.08,0.17,51.7%,0.74,2.67,0.03,0.02,0.03,0.02,0.004,0.003,0.65,0.12,0.16,0.22,0.2,105,0.56,0.02,0.1,0.6,0.65,0.08,0.57,3.75,0.73,0.73,0.03,1.81,True
https://www.hltv.org/stats/players/13915/yekindar,YEKINDAR,Latvia,25 years,Liquid,0.83,1.12,0.73,81.3,108.5,0.48,1.08,0.19,0.37,0.09,0.14,0.21,0.21,0.14,0.15,0.87,0.15,0.15,0.3,50.6%,0.73,2.8,0.06,0.04,0.05,0.03,0.01,0.01,0.15,0.09,0.11,0.16,0.16,111,0.36,0.01,0.07,0.64,0.66,0.06,0.51,4.19,0.78,0.53,0.04,2.4,False
https://www.hltv.org/stats/players/21763/ultimate,ultimate,Poland,21 years,Liquid,0.62,1.08,0.71,71.6,96.8,0.48,1.02,0.17,0.27,0.09,0.12,0.21,0.21,0.1,0.16,0.73,0.12,0.1,0.22,55.3%,0.71,1.86,0.92,0.35,0.49,0.27,0.09,0.09,0.39,0.1,0.14,0.2,0.22,101,0.58,0.02,0.12,0.52,0.63,0.08,0.44,2.63,0.67,0.57,0.06,2.25,False
https://www.hltv.org/stats/players/2023/fallen,FalleN,Brazil,33 years,FURIA,0.54,1.06,0.69,70.7,79.4,0.47,,0.17,0.15,0.09,0.1,0.18,0.18,0.1,0.19,0.66,0.12,0.08,0.2,58.8%,0.74,1.98,0.93,0.38,0.55,0.28,0.1,0.09,0.17,0.08,0.11,0.17,0.19,91,0.48,0.02,0.1,0.57,0.58,0.07,0.65,3.43,0.84,0.92,0.07,2.23,True
https://www.hltv.org/stats/players/10566/chelo,chelo,Brazil,26 years,FURIA,0.67,1.04,0.7,76.1,98.5,0.46,,0.17,0.54,0.1,0.14,0.27,0.27,0.14,0.18,0.71,0.12,0.12,0.23,50.4%,0.74,2.57,0.03,0.02,0.03,0.02,0.006,0.005,0.27,0.1,0.12,0.18,0.19,109,0.42,0.02,0.08,0.58,1.34,0.07,0.42,3.54,0.77,0.55,0.02,1.87,False
https://www.hltv.org/stats/players/12553/yuurih,yuurih,Brazil,24 years,FURIA,0.85,1.17,0.74,83.0,104.3,0.49,1.16,0.18,0.31,0.09,0.12,0.25,0.25,0.16,0.19,0.46,0.1,0.07,0.17,57.2%,0.76,3.27,0.02,0.01,0.02,0.01,0.003,0.002,0.49,0.11,0.15,0.2,0.2,112,0.53,0.02,0.11,0.55,0.67,0.08,0.74,5.03,1.01,0.79,0.04,2.23,False
https://www.hltv.org/stats/players/15631/kscerato,KSCERATO,Brazil,25 years,FURIA,0.81,1.19,0.73,79.7,98.3,0.49,1.17,0.18,0.2,0.08,0.11,0.24,0.24,0.14,0.22,0.38,0.09,0.06,0.15,58.5%,0.75,3.09,0.03,0.02,0.03,0.02,0.005,0.003,0.45,0.1,0.15,0.2,0.2,109,0.72,0.03,0.13,0.6,0.67,0.11,0.8,5.76,1.34,0.72,0.05,2.36,False
https://www.hltv.org/stats/players/18676/skullz,skullz,Brazil,22 years,FURIA,0.61,1.09,0.69,74.5,94.7,0.47,1.12,0.17,0.47,0.1,0.13,0.28,0.28,0.13,0.21,0.36,0.09,0.08,0.17,52.4%,0.74,2.65,0.0,0.0,0.0,0.0,0.0006,0.0006,0.58,0.11,0.15,0.22,0.2,108,0.51,0.02,0.1,0.63,0.64,0.08,0.47,4.16,0.77,0.52,0.03,2.15,False
https://www.hltv.org/stats/players/7592/device,device,Denmark,29 years,Astralis,0.88,1.16,0.77,79.8,74.3,0.51,,0.2,0.04,0.08,0.07,0.12,0.12,0.13,0.16,0.83,0.13,0.09,0.23,58.9%,0.78,2.28,0.85,0.28,0.36,0.21,0.07,0.07,0.08,0.08,0.09,0.12,0.19,75,0.4,0.02,0.08,0.57,0.48,0.08,0.4,4.4,0.88,0.43,0.03,1.9,False
https://www.hltv.org/stats/players/7964/cadian,cadiaN,Denmark,29 years,Astralis,0.56,1.04,0.69,72.5,82.3,0.47,,0.16,0.15,0.09,0.1,0.2,0.2,0.11,0.18,0.77,0.12,0.09,0.22,56.9%,0.76,2.19,0.92,0.33,0.48,0.26,0.08,0.08,0.13,0.08,0.11,0.16,0.18,92,0.51,0.02,0.12,0.57,0.58,0.11,0.79,5.16,1.02,0.78,0.07,2.29,True
https://www.hltv.org/stats/players/10994/stavn,stavn,Denmark,22 years,Astralis,0.81,1.12,0.73,81.1,105.4,0.49,1.12,0.18,0.42,0.1,0.13,0.24,0.24,0.15,0.16,0.65,0.11,0.1,0.21,52.3%,0.74,2.95,0.11,0.06,0.08,0.05,0.02,0.01,0.38,0.11,0.13,0.18,0.18,112,0.41,0.02,0.09,0.6,0.63,0.06,0.62,4.65,0.99,0.61,0.04,2.3,False
https://www.hltv.org/stats/players/17956/jabbi,jabbi,Denmark,21 years,Astralis,0.53,1.04,0.67,71.8,93.4,0.46,1.05,0.16,0.57,0.1,0.14,0.28,0.28,0.12,0.18,0.46,0.1,0.1,0.19,49.5%,0.73,2.47,0.01,0.01,0.02,0.01,0.002,0.002,0.39,0.1,0.13,0.2,0.19,107,0.48,0.02,0.1,0.62,0.65,0.07,0.54,4.33,0.79,0.57,0.03,2.34,False
https://www.hltv.org/stats/players/20304/staehr,Staehr,Denmark,20 years,Astralis,0.65,1.08,0.68,77.9,102.2,0.46,1.13,0.16,0.33,0.09,0.13,0.23,0.23,0.15,0.18,0.65,0.11,0.11,0.22,50.0%,0.72,2.99,0.0,0.0,0.01,0.0,0.0007,0.0,0.34,0.1,0.13,0.19,0.18,114,0.43,0.02,0.1,0.62,0.64,0.08,0.85,6.91,0.83,0.78,0.04,2.34,False
https://www.hltv.org/stats/players/150/maj3r,MAJ3R,Turkey,33 years,Eternal Fire,0.39,0.94,0.63,71.9,88.8,0.44,,0.15,0.25,0.09,0.12,0.21,0.21,0.14,0.2,0.43,0.09,0.1,0.19,48.4%,0.73,2.73,0.07,0.04,0.07,0.04,0.009,0.01,0.15,0.08,0.11,0.17,0.19,111,0.41,0.02,0.1,0.53,0.61,0.07,0.82,5.33,1.09,0.84,0.08,2.31,True
https://www.hltv.org/stats/players/7938/xantares,XANTARES,Turkey,29 years,Eternal Fire,0.97,1.16,0.81,89.1,108.7,0.52,,0.21,0.38,0.1,0.13,0.22,0.22,0.16,0.15,0.88,0.14,0.11,0.25,56.4%,0.75,3.16,0.0,0.01,0.01,0.01,0.002,0.0006,0.32,0.11,0.13,0.16,0.17,103,0.33,0.02,0.07,0.6,0.57,0.06,0.58,5.17,0.92,0.55,0.03,2.02,False
https://www.hltv.org/stats/players/8574/woxic,woxic,Turkey,26 years,Eternal Fire,0.74,1.11,0.73,75.5,96.3,0.49,,0.18,0.16,0.08,0.11,0.19,0.19,0.11,0.18,0.68,0.12,0.08,0.2,60.1%,0.76,1.96,0.93,0.39,0.54,0.3,0.11,0.09,0.38,0.1,0.14,0.19,0.18,103,0.68,0.03,0.14,0.61,0.66,0.08,0.51,2.64,0.73,0.66,0.06,2.28,False
https://www.hltv.org/stats/players/8575/calyx,Calyx,Turkey,26 years,Eternal Fire,0.69,1.07,0.71,75.6,94.1,0.48,,0.17,0.34,0.09,0.12,0.23,0.23,0.12,0.19,0.36,0.09,0.07,0.16,54.2%,0.74,2.55,0.05,0.03,0.04,0.02,0.008,0.006,0.46,0.1,0.14,0.2,0.2,105,0.55,0.02,0.11,0.6,0.64,0.08,0.41,3.73,0.82,0.5,0.03,2.05,False
https://www.hltv.org/stats/players/21243/wicadia,Wicadia,Turkey,19 years,Eternal Fire,0.7,1.06,0.7,76.1,101.8,0.47,1.17,0.18,0.57,0.11,0.14,0.26,0.26,0.15,0.16,0.63,0.11,0.12,0.23,48.2%,0.71,2.75,0.01,0.01,0.02,0.01,0.002,0.002,0.4,0.11,0.13,0.19,0.22,108,0.44,0.02,0.09,0.61,0.64,0.06,0.38,4.56,0.86,0.39,0.02,2.0,False
https://www.hltv.org/stats/players/11154/exit,exit,Brazil,28 years,MIBR,0.62,1.12,0.69,75.3,92.5,0.47,1.02,0.16,0.32,0.09,0.11,0.27,0.27,0.14,0.23,0.25,0.07,0.06,0.13,55.7%,0.74,2.99,0.0,0.0,0.0,0.0,0.0008,0.0004,0.67,0.12,0.16,0.23,0.22,110,0.65,0.02,0.14,0.57,0.7,0.12,0.76,5.68,1.27,0.64,0.05,2.43,False
https://www.hltv.org/stats/players/18717/lucaozy,Lucaozy,Brazil,23 years,MIBR,0.77,1.14,0.73,78.4,101.3,0.49,1.15,0.18,0.35,0.09,0.13,0.24,0.24,0.14,0.18,0.68,0.11,0.1,0.22,52.3%,0.73,2.71,0.04,0.03,0.04,0.02,0.006,0.004,0.43,0.1,0.14,0.2,0.19,108,0.42,0.02,0.1,0.6,0.62,0.11,0.41,3.73,0.84,0.5,0.03,2.03,False
https://www.hltv.org/stats/players/18835/saffee,saffee,Brazil,30 years,MIBR,0.76,1.16,0.74,75.2,96.7,0.49,1.13,0.18,0.24,0.09,0.11,0.22,0.22,0.11,0.19,0.64,0.11,0.08,0.19,58.9%,0.76,2.09,0.92,0.36,0.48,0.26,0.1,0.07,0.39,0.1,0.14,0.19,0.2,102,0.57,0.02,0.11,0.6,0.68,0.1,0.6,2.89,0.54,0.78,0.07,2.49,False
https://www.hltv.org/stats/players/19750/drop,drop,Brazil,20 years,MIBR,0.29,1.01,0.61,67.9,86.6,0.42,1.07,0.14,0.71,0.11,0.15,0.33,0.33,0.15,0.23,0.33,0.09,0.09,0.18,48.0%,0.73,2.6,0.0,0.0,0.0,0.0,0.0004,0.0002,0.35,0.1,0.12,0.2,0.24,112,0.45,0.02,0.09,0.64,0.67,0.11,0.48,4.58,1.02,0.49,0.03,2.11,False
https://www.hltv.org/stats/players/21037/insani,insani,Brazil,20 years,MIBR,0.85,1.17,0.74,81.9,107.3,0.49,1.26,0.18,0.66,0.11,0.15,0.26,0.26,0.17,0.18,0.78,0.13,0.12,0.24,51.9%,0.73,2.93,0.0,0.01,0.01,0.0,0.002,0.001,0.44,0.11,0.14,0.19,0.21,111,0.34,0.01,0.07,0.64,0.64,0.08,0.64,4.88,0.8,0.6,0.05,2.35,False
https://www.hltv.org/stats/players/18141/biguzera,biguzera,Brazil,27 years,paiN,0.77,1.15,0.71,80.0,102.0,0.48,1.08,0.18,0.56,0.1,0.14,0.26,0.26,0.17,0.19,0.67,0.11,0.11,0.22,51.1%,0.74,3.0,0.02,0.01,0.02,0.01,0.003,0.001,0.3,0.1,0.13,0.18,0.2,112,0.46,0.02,0.08,0.63,0.64,0.07,0.75,5.75,1.14,0.62,0.05,2.55,True
https://www.hltv.org/stats/players/19694/nqz,nqz,Brazil,19 years,paiN,0.59,1.13,0.71,70.9,89.7,0.48,1.13,0.17,0.19,0.08,0.1,0.24,0.24,0.1,0.21,0.49,0.1,0.07,0.17,59.7%,0.75,1.99,0.92,0.36,0.5,0.27,0.09,0.07,0.55,0.1,0.15,0.22,0.22,100,0.67,0.03,0.12,0.59,0.7,0.12,0.59,3.14,0.74,0.71,0.07,2.4,False
https://www.hltv.org/stats/players/20085/kauez,kauez,Brazil,21 years,paiN,0.69,1.08,0.7,75.6,98.6,0.47,1.14,0.17,0.33,0.09,0.13,0.21,0.21,0.13,0.18,0.65,0.11,0.1,0.22,51.4%,0.75,2.49,0.01,0.01,0.02,0.01,0.003,0.001,0.31,0.1,0.13,0.18,0.2,107,0.42,0.02,0.09,0.54,0.62,0.08,0.26,3.08,0.55,0.4,0.03,2.2,False
https://www.hltv.org/stats/players/20171/snow,snow,Brazil,17 years,paiN,0.54,1.07,0.67,73.1,93.4,0.46,1.12,0.16,0.62,0.11,0.14,0.29,0.29,0.16,0.21,0.55,0.1,0.1,0.2,50.6%,0.75,2.76,0.03,0.02,0.04,0.02,0.005,0.004,0.51,0.11,0.14,0.2,0.24,109,0.5,0.02,0.1,0.6,0.63,0.09,0.36,3.84,0.95,0.42,0.03,2.22,False
https://www.hltv.org/stats/players/20563/lux,lux,Brazil,22 years,paiN,0.71,1.12,0.7,78.5,100.7,0.47,1.21,0.17,0.53,0.1,0.14,0.25,0.25,0.18,0.2,0.64,0.11,0.1,0.21,52.4%,0.75,2.94,0.03,0.02,0.03,0.02,0.004,0.003,0.38,0.1,0.13,0.19,0.22,112,0.42,0.02,0.08,0.63,0.64,0.08,0.69,5.83,1.06,0.61,0.03,2.02,False
https://www.hltv.org/stats/players/8918/electronic,electroNic,Russia,26 years,Virtus.pro,0.84,1.08,0.73,81.9,102.8,0.49,,0.18,0.39,0.09,0.13,0.23,0.23,0.15,0.17,0.7,0.12,0.11,0.23,51.6%,0.73,3.07,0.0,0.0,0.01,0.0,0.001,0.0005,0.35,0.1,0.14,0.18,0.18,109,0.45,0.02,0.08,0.63,0.63,0.08,0.61,4.6,0.81,0.64,0.03,2.05,False
https://www.hltv.org/stats/players/12732/fl1t,FL1T,Russia,23 years,Virtus.pro,0.79,1.13,0.72,80.2,102.7,0.49,1.1,0.18,0.29,0.09,0.12,0.2,0.2,0.15,0.18,0.44,0.09,0.09,0.18,51.8%,0.73,3.02,0.03,0.02,0.03,0.02,0.005,0.004,0.46,0.1,0.14,0.2,0.19,111,0.48,0.02,0.1,0.62,0.63,0.11,0.56,5.07,1.21,0.49,0.04,2.47,False
https://www.hltv.org/stats/players/16612/n0rb3r7,n0rb3r7,Russia,23 years,Virtus.pro,0.71,1.08,0.7,77.6,102.7,0.46,1.11,0.18,0.34,0.09,0.13,0.22,0.22,0.14,0.17,0.64,0.11,0.11,0.22,49.7%,0.71,2.8,0.04,0.03,0.04,0.02,0.007,0.005,0.1,0.08,0.11,0.15,0.17,111,0.43,0.02,0.08,0.65,0.61,0.06,0.47,4.28,0.75,0.5,0.03,2.26,False
https://www.hltv.org/stats/players/20101/fame,fame,Russia,21 years,Virtus.pro,0.68,1.1,0.71,75.5,98.4,0.48,1.2,0.17,0.41,0.09,0.13,0.26,0.26,0.12,0.18,0.65,0.11,0.1,0.22,52.1%,0.73,2.59,0.01,0.01,0.02,0.01,0.003,0.002,0.44,0.11,0.14,0.2,0.18,107,0.43,0.02,0.08,0.61,0.67,0.08,0.44,3.44,0.78,0.54,0.03,2.24,False
https://www.hltv.org/stats/players/13138/maka,Maka,France,27 years,3DMAX,0.68,1.12,0.71,74.6,97.6,0.48,1.09,0.18,0.25,0.09,0.12,0.21,0.21,0.12,0.18,0.78,0.13,0.1,0.22,56.6%,0.72,2.24,0.91,0.31,0.44,0.24,0.08,0.08,0.27,0.09,0.13,0.18,0.2,105,0.57,0.02,0.12,0.57,0.64,0.1,0.8,4.81,1.06,0.94,0.08,2.52,True
https://www.hltv.org/stats/players/13497/lucky,Lucky,France,26 years,3DMAX,0.62,1.09,0.68,76.7,98.0,0.46,1.05,0.16,0.49,0.1,0.13,0.26,0.26,0.16,0.2,0.44,0.09,0.09,0.18,52.2%,0.74,2.95,0.11,0.06,0.09,0.05,0.02,0.01,0.43,0.1,0.14,0.2,0.21,113,0.49,0.02,0.1,0.62,0.64,0.08,0.69,6.93,1.27,0.5,0.04,2.62,False
https://www.hltv.org/stats/players/19738/djoko,Djoko,France,27 years,3DMAX,0.62,1.05,0.68,75.0,98.7,0.46,1.17,0.17,0.68,0.12,0.15,0.28,0.28,0.15,0.17,0.66,0.11,0.12,0.24,47.5%,0.73,2.62,0.0,0.01,0.01,0.0,0.001,0.0003,0.39,0.11,0.13,0.19,0.2,110,0.33,0.02,0.07,0.62,0.58,0.06,0.66,5.75,1.03,0.56,0.04,2.19,False
https://www.hltv.org/stats/players/19739/ex3rcice,Ex3rcice,France,24 years,3DMAX,0.48,1.03,0.66,71.2,91.0,0.45,1.09,0.16,0.39,0.1,0.13,0.25,0.25,0.13,0.2,0.29,0.08,0.08,0.17,48.7%,0.74,2.6,0.0,0.01,0.01,0.01,0.001,0.001,0.51,0.11,0.14,0.21,0.22,108,0.57,0.02,0.1,0.65,0.63,0.07,0.53,3.9,0.71,0.61,0.04,2.06,False
https://www.hltv.org/stats/players/21969/graviti,Graviti,France,21 years,3DMAX,0.45,1.01,0.65,72.3,95.8,0.45,0.87,0.15,0.82,0.13,0.16,0.27,0.27,0.16,0.18,0.7,0.12,0.13,0.25,46.4%,0.72,2.69,0.0,0.0,0.0,0.0,0.0004,0.0,0.42,0.11,0.13,0.2,0.22,112,0.3,0.01,0.07,0.57,0.58,0.06,0.64,4.85,0.82,0.6,0.05,2.28,False
https://www.hltv.org/stats/players/8738/elige,EliGE,United States,27 years,Complexity,0.88,1.08,0.75,83.3,95.5,0.5,,0.19,0.32,0.1,0.12,0.19,0.19,0.16,0.16,0.81,0.13,0.12,0.25,51.9%,0.73,3.12,0.0,0.01,0.01,0.01,0.001,0.001,0.44,0.12,0.14,0.18,0.19,97,0.32,0.02,0.06,0.64,0.54,0.05,0.45,4.22,0.73,0.52,0.03,1.91,False
https://www.hltv.org/stats/players/11630/jt,JT,South Africa,25 years,Complexity,0.36,1.0,0.62,70.7,90.2,0.43,0.91,0.15,0.81,0.12,0.16,0.29,0.29,0.15,0.2,0.49,0.1,0.11,0.21,46.4%,0.74,2.74,0.03,0.02,0.03,0.02,0.004,0.004,0.42,0.11,0.13,0.21,0.2,113,0.4,0.02,0.1,0.6,0.58,0.05,0.77,4.7,0.79,0.84,0.07,2.48,False
https://www.hltv.org/stats/players/12840/hallzerk,hallzerk,Norway,24 years,Complexity,0.65,1.09,0.71,72.8,96.5,0.48,1.08,0.18,0.32,0.1,0.12,0.23,0.23,0.1,0.17,0.7,0.12,0.09,0.2,58.1%,0.74,1.91,0.93,0.37,0.51,0.28,0.1,0.08,0.55,0.11,0.15,0.22,0.19,102,0.64,0.02,0.12,0.62,0.82,0.07,0.55,3.24,0.67,0.63,0.07,2.56,False
https://www.hltv.org/stats/players/13578/grim,Grim,United States,24 years,Complexity,0.74,1.1,0.71,77.7,101.7,0.47,1.2,0.18,0.86,0.12,0.17,0.31,0.31,0.14,0.17,0.5,0.1,0.11,0.21,48.2%,0.72,2.9,0.0,0.01,0.01,0.0,0.001,0.0006,0.68,0.13,0.16,0.22,0.19,109,0.39,0.02,0.08,0.62,0.61,0.06,0.42,3.7,0.63,0.5,0.03,2.33,False
https://www.hltv.org/stats/players/16486/ztr,ztr,Sweden,21 years,GamerLegion,0.39,0.99,0.63,70.8,92.9,0.44,0.88,0.15,0.48,0.1,0.14,0.24,0.24,0.15,0.18,0.34,0.08,0.1,0.19,45.0%,0.74,2.89,0.0,0.0,0.01,0.0,0.001,0.0005,0.45,0.1,0.13,0.21,0.22,112,0.55,0.02,0.1,0.69,0.62,0.06,0.85,6.25,1.23,0.71,0.06,2.51,True
https://www.hltv.org/stats/players/20301/tauson,Tauson,Denmark,19 years,GamerLegion,0.51,1.03,0.66,73.9,94.9,0.45,1.07,0.16,0.42,0.1,0.13,0.23,0.23,0.15,0.19,0.5,0.1,0.11,0.21,48.5%,0.71,2.85,0.01,0.01,0.02,0.01,0.003,0.002,0.38,0.1,0.13,0.2,0.2,112,0.39,0.01,0.1,0.57,0.62,0.07,0.47,4.65,0.94,0.46,0.04,2.09,False
https://www.hltv.org/stats/players/20358/volt,volt,Romania,23 years,GamerLegion,0.49,1.04,0.66,73.0,93.8,0.45,1.06,0.16,0.56,0.11,0.14,0.27,0.27,0.15,0.21,0.37,0.09,0.1,0.18,48.3%,0.71,2.69,0.0,0.01,0.01,0.01,0.001,0.001,0.6,0.12,0.15,0.22,0.21,111,0.54,0.02,0.1,0.64,0.64,0.07,0.55,4.55,0.81,0.56,0.03,2.23,False
https://www.hltv.org/stats/players/20870/sl3nd,sl3nd,Hungary,20 years,GamerLegion,0.67,1.14,0.71,75.1,96.3,0.49,1.03,0.17,0.18,0.09,0.1,0.2,0.2,0.13,0.2,0.47,0.1,0.06,0.16,60.9%,0.74,2.27,0.92,0.35,0.49,0.27,0.09,0.07,0.45,0.1,0.14,0.2,0.22,106,0.72,0.03,0.14,0.56,0.69,0.13,0.77,5.53,1.27,0.66,0.06,2.38,False
https://www.hltv.org/stats/players/20994/fl4mus,FL4MUS,Russia,20 years,GamerLegion,0.68,1.06,0.69,76.7,102.4,0.46,1.12,0.17,0.56,0.1,0.15,0.26,0.26,0.17,0.17,0.72,0.12,0.12,0.24,49.5%,0.74,2.77,0.0,0.0,0.0,0.0,0.0,0.0,0.36,0.11,0.13,0.18,0.23,111,0.39,0.02,0.08,0.61,0.6,0.05,0.42,4.35,0.56,0.45,0.02,2.37,False
https://www.hltv.org/stats/players/5794/tabsen,tabseN,Germany,29 years,BIG,0.82,1.04,0.72,83.2,87.4,0.47,,0.18,0.19,0.1,0.11,0.18,0.18,0.16,0.16,0.7,0.12,0.12,0.24,49.1%,0.73,3.1,0.07,0.04,0.05,0.03,0.01,0.008,0.15,0.09,0.1,0.14,0.18,91,0.29,0.02,0.06,0.62,0.48,0.04,0.83,8.41,1.24,0.67,0.05,2.42,True
https://www.hltv.org/stats/players/7266/syrson,syrsoN,Germany,28 years,BIG,0.7,1.09,0.73,73.7,93.9,0.49,,0.18,0.12,0.08,0.1,0.18,0.18,0.1,0.16,0.85,0.14,0.1,0.23,58.7%,0.76,1.74,0.95,0.45,0.61,0.34,0.12,0.11,0.24,0.09,0.12,0.17,0.18,96,0.53,0.02,0.12,0.59,0.59,0.08,0.4,2.56,0.68,0.52,0.05,2.35,False
https://www.hltv.org/stats/players/12708/rigon,rigoN,Switzerland,25 years,BIG,0.82,1.08,0.73,79.9,106.2,0.48,1.2,0.18,0.53,0.1,0.15,0.23,0.23,0.14,0.15,0.73,0.12,0.12,0.24,49.5%,0.72,2.64,0.06,0.04,0.05,0.03,0.009,0.006,0.3,0.1,0.13,0.18,0.18,109,0.36,0.02,0.08,0.65,0.53,0.03,0.26,3.74,0.81,0.31,0.02,2.32,False
https://www.hltv.org/stats/players/14929/jdc,JDC,Germany,24 years,BIG,0.65,1.06,0.69,75.9,97.8,0.46,1.15,0.17,0.39,0.1,0.13,0.23,0.23,0.14,0.18,0.48,0.1,0.1,0.2,48.6%,0.69,2.69,0.02,0.02,0.02,0.01,0.005,0.003,0.42,0.1,0.14,0.2,0.19,110,0.39,0.02,0.08,0.59,0.61,0.06,0.45,3.45,0.53,0.58,0.03,1.94,False
https://www.hltv.org/stats/players/19899/krimbo,Krimbo,Germany,22 years,BIG,0.66,1.12,0.7,75.9,96.0,0.48,1.12,0.17,0.14,0.08,0.1,0.22,0.22,0.13,0.21,0.38,0.09,0.07,0.16,55.0%,0.72,2.78,0.06,0.03,0.05,0.02,0.008,0.006,0.39,0.1,0.14,0.2,0.2,109,0.77,0.03,0.15,0.6,0.68,0.12,0.84,6.64,1.29,0.67,0.06,2.49,False
https://www.hltv.org/stats/players/630/mutiris,MUTiRiS,Portugal,31 years,SAW,0.6,0.99,0.67,76.2,83.6,0.46,,0.16,0.21,0.1,0.11,0.21,0.21,0.15,0.18,0.53,0.1,0.1,0.2,50.0%,0.74,2.96,0.0,0.0,0.0,0.0,0.0005,0.0006,0.2,0.09,0.11,0.16,0.21,95,0.34,0.02,0.08,0.61,0.52,0.05,0.83,5.98,1.0,0.8,0.04,2.56,True
https://www.hltv.org/stats/players/2241/roman,roman,Portugal,32 years,SAW,0.51,0.97,0.67,72.8,81.3,0.46,,0.16,0.28,0.1,0.12,0.23,0.23,0.13,0.18,0.44,0.09,0.09,0.18,52.1%,0.74,2.68,0.01,0.01,0.02,0.01,0.002,0.001,0.31,0.1,0.12,0.18,0.22,94,0.34,0.02,0.09,0.55,0.53,0.06,0.54,4.24,0.65,0.6,0.03,2.18,False
https://www.hltv.org/stats/players/20462/story,story,Portugal,22 years,SAW,0.52,1.09,0.68,70.3,90.5,0.47,1.02,0.16,0.23,0.09,0.11,0.24,0.24,0.11,0.19,0.6,0.11,0.07,0.18,59.2%,0.76,2.09,0.91,0.32,0.46,0.25,0.08,0.07,0.46,0.1,0.14,0.21,0.22,103,0.63,0.02,0.13,0.57,0.67,0.09,0.72,3.95,0.81,0.85,0.1,2.69,False
https://www.hltv.org/stats/players/21014/ag1l,Ag1l,Portugal,21 years,SAW,0.44,1.01,0.65,71.6,91.7,0.45,1.01,0.15,0.49,0.1,0.13,0.28,0.28,0.14,0.2,0.2,0.07,0.08,0.15,48.5%,0.7,2.8,0.01,0.01,0.01,0.01,0.002,0.001,0.71,0.12,0.16,0.24,0.22,110,0.54,0.02,0.11,0.59,0.65,0.07,0.7,4.92,0.85,0.67,0.05,2.36,False
https://www.hltv.org/stats/players/21136/shr,Shr,Portugal,23 years,SAW,0.85,1.1,0.75,80.9,110.0,0.5,1.19,0.19,0.48,0.1,0.14,0.23,0.23,0.15,0.14,0.75,0.12,0.12,0.24,50.7%,0.71,2.78,0.17,0.09,0.12,0.07,0.02,0.02,0.48,0.11,0.15,0.19,0.19,108,0.38,0.02,0.09,0.66,0.56,0.04,0.25,2.89,0.48,0.37,0.03,2.5,False
https://www.hltv.org/stats/players/8507/stanislaw,stanislaw,Canada,30 years,Wildcard,0.44,0.96,0.64,72.5,82.6,0.44,,0.15,0.37,0.1,0.13,0.23,0.23,0.15,0.2,0.45,0.09,0.11,0.2,47.2%,0.74,2.84,0.03,0.02,0.03,0.02,0.004,0.003,0.18,0.09,0.11,0.17,0.2,103,0.42,0.02,0.09,0.59,0.56,0.06,0.78,5.98,1.14,0.68,0.05,2.15,False
https://www.hltv.org/stats/players/8711/sonic,Sonic,South Africa,26 years,Wildcard,0.81,1.09,0.73,79.0,98.4,0.49,,0.18,0.59,0.11,0.14,0.27,0.27,0.15,0.18,0.6,0.11,0.09,0.2,54.8%,0.73,2.71,0.26,0.12,0.17,0.09,0.03,0.03,0.58,0.12,0.15,0.21,0.2,106,0.52,0.02,0.11,0.62,0.59,0.06,0.68,4.46,0.96,0.69,0.05,2.35,False
https://www.hltv.org/stats/players/16726/phzy,phzy,Sweden,22 years,Wildcard,0.61,1.09,0.69,73.0,94.9,0.47,1.13,0.17,0.18,0.08,0.11,0.22,0.22,0.11,0.19,0.53,0.1,0.08,0.18,55.6%,0.74,2.12,0.91,0.32,0.46,0.26,0.08,0.07,0.33,0.09,0.13,0.19,0.19,105,0.65,0.02,0.13,0.6,0.66,0.1,0.57,3.21,0.71,0.66,0.07,2.5,False
https://www.hltv.org/stats/players/21163/susp,susp,Sweden,19 years,Wildcard,0.64,1.09,0.68,77.0,99.5,0.46,1.14,0.17,0.45,0.1,0.13,0.23,0.23,0.18,0.2,0.69,0.12,0.12,0.24,48.3%,0.71,2.9,0.0,0.01,0.01,0.0,0.0009,0.001,0.39,0.11,0.13,0.19,0.22,114,0.47,0.02,0.09,0.6,0.61,0.06,0.42,5.0,0.66,0.4,0.02,1.91,False
https://www.hltv.org/stats/players/21665/jba,JBa,United States,20 years,Wildcard,0.72,1.12,0.72,76.1,95.6,0.48,1.28,0.17,0.64,0.11,0.14,0.3,0.3,0.14,0.2,0.31,0.08,0.07,0.16,52.6%,0.73,2.75,0.0,0.0,0.0,0.0,0.0005,0.0004,0.79,0.13,0.17,0.24,0.24,106,0.72,0.03,0.12,0.58,0.66,0.08,0.42,4.74,0.96,0.41,0.03,1.9,False
https://www.hltv.org/stats/players/9115/dexter,dexter,Australia,30 years,FlyQuest,0.78,1.05,0.72,79.1,100.0,0.48,,0.18,0.33,0.09,0.13,0.21,0.21,0.15,0.17,0.73,0.12,0.11,0.22,52.9%,0.76,2.87,0.04,0.03,0.04,0.02,0.007,0.007,0.25,0.09,0.12,0.17,0.19,109,0.36,0.02,0.08,0.59,0.6,0.04,0.79,5.27,1.2,0.74,0.06,2.38,True
https://www.hltv.org/stats/players/10588/liazz,Liazz,Australia,27 years,FlyQuest,0.69,1.07,0.69,77.6,95.6,0.47,,0.17,0.53,0.1,0.13,0.3,0.3,0.16,0.21,0.34,0.09,0.07,0.16,53.2%,0.74,3.06,0.0,0.01,0.01,0.0,0.001,0.0008,0.51,0.11,0.14,0.21,0.21,111,0.56,0.02,0.11,0.66,0.63,0.07,0.61,4.9,1.13,0.58,0.04,2.02,False
https://www.hltv.org/stats/players/11139/alistair,aliStair,Australia,26 years,FlyQuest,0.67,1.13,0.71,73.9,93.6,0.48,1.12,0.18,0.25,0.09,0.11,0.21,0.21,0.12,0.18,0.81,0.13,0.1,0.23,56.1%,0.78,2.19,0.9,0.3,0.42,0.22,0.08,0.07,0.18,0.08,0.12,0.16,0.2,104,0.55,0.02,0.11,0.62,0.62,0.06,0.56,3.32,1.03,0.66,0.06,2.2,False
https://www.hltv.org/stats/players/11140/ins,INS,Australia,26 years,FlyQuest,0.92,1.2,0.76,86.0,108.0,0.5,1.23,0.2,0.41,0.1,0.13,0.23,0.23,0.18,0.18,0.71,0.12,0.1,0.22,53.5%,0.77,3.39,0.05,0.03,0.04,0.02,0.007,0.006,0.25,0.09,0.13,0.17,0.2,113,0.5,0.02,0.1,0.62,0.61,0.04,0.81,8.9,1.97,0.65,0.04,2.19,False
https://www.hltv.org/stats/players/17384/vexite,Vexite,Australia,20 years,FlyQuest,0.85,1.15,0.75,81.0,103.4,0.49,1.17,0.19,0.53,0.11,0.14,0.26,0.26,0.15,0.17,0.73,0.12,0.11,0.23,51.9%,0.75,2.88,0.0,0.01,0.01,0.01,0.002,0.002,0.48,0.11,0.14,0.19,0.2,108,0.33,0.01,0.08,0.63,0.59,0.04,0.59,4.88,1.14,0.55,0.04,2.23,False
https://www.hltv.org/stats/players/15370/slaxz,slaxz-,Germany,26 years,M80,0.64,1.13,0.71,72.5,95.0,0.48,1.09,0.17,0.18,0.09,0.11,0.2,0.2,0.1,0.19,0.76,0.13,0.08,0.21,61.6%,0.74,1.76,0.95,0.45,0.63,0.35,0.12,0.11,0.3,0.09,0.13,0.18,0.18,102,0.62,0.02,0.12,0.58,0.65,0.1,0.64,3.4,0.67,0.77,0.08,2.49,False
https://www.hltv.org/stats/players/16599/swisher,Swisher,United States,26 years,M80,0.78,1.11,0.72,80.3,102.9,0.48,1.14,0.18,0.54,0.1,0.14,0.25,0.25,0.17,0.18,0.58,0.11,0.11,0.21,49.5%,0.73,3.17,0.01,0.01,0.02,0.01,0.003,0.002,0.44,0.11,0.14,0.2,0.2,112,0.42,0.02,0.08,0.63,0.59,0.05,0.81,5.72,1.26,0.71,0.06,2.4,False
https://www.hltv.org/stats/players/17378/reck,reck,United States,21 years,M80,0.65,1.07,0.69,75.8,97.9,0.47,1.15,0.17,0.54,0.1,0.14,0.27,0.27,0.14,0.18,0.38,0.09,0.09,0.18,48.9%,0.72,2.77,0.01,0.01,0.01,0.01,0.002,0.001,0.38,0.1,0.13,0.19,0.21,109,0.51,0.02,0.1,0.64,0.61,0.05,0.52,3.9,0.66,0.6,0.04,2.05,False
https://www.hltv.org/stats/players/20104/s1n,s1n,Germany,22 years,M80,0.61,1.08,0.67,76.6,96.6,0.46,1.16,0.16,0.39,0.09,0.13,0.23,0.23,0.16,0.21,0.36,0.09,0.09,0.18,49.8%,0.73,2.98,0.02,0.02,0.03,0.01,0.004,0.003,0.52,0.1,0.15,0.22,0.21,114,0.49,0.02,0.11,0.55,0.62,0.08,0.91,6.83,1.07,0.93,0.08,2.47,True
https://www.hltv.org/stats/players/22921/lake,Lake,United States,20 years,M80,0.91,1.17,0.76,85.0,115.3,0.49,1.15,0.2,0.78,0.12,0.16,0.26,0.26,0.21,0.16,0.84,0.14,0.15,0.29,49.3%,0.72,3.26,0.01,0.01,0.01,0.01,0.002,0.001,0.42,0.12,0.13,0.18,0.23,112,0.44,0.02,0.08,0.61,0.58,0.05,0.48,4.76,0.8,0.46,0.03,2.16,False
https://www.hltv.org/stats/players/9219/felps,felps,Brazil,28 years,Imperial,0.89,1.07,0.75,83.7,106.9,0.5,,0.19,0.51,0.1,0.14,0.23,0.23,0.17,0.15,0.85,0.14,0.13,0.27,50.5%,0.76,3.09,0.04,0.03,0.04,0.02,0.007,0.007,0.18,0.09,0.12,0.16,0.19,109,0.28,0.01,0.07,0.58,0.59,0.06,0.49,3.67,0.73,0.63,0.03,1.82,False
https://www.hltv.org/stats/players/12822/vini,VINI,Brazil,25 years,Imperial,0.48,1.04,0.65,72.7,92.0,0.44,1.05,0.16,0.56,0.1,0.14,0.28,0.28,0.14,0.2,0.42,0.09,0.1,0.19,48.3%,0.74,2.81,0.01,0.01,0.01,0.01,0.002,0.0009,0.27,0.09,0.12,0.19,0.2,112,0.41,0.02,0.08,0.61,0.64,0.06,0.58,4.5,0.84,0.61,0.03,2.09,False
https://www.hltv.org/stats/players/19869/try,try,Argentina,20 years,Imperial,0.79,1.18,0.75,76.2,98.2,0.5,1.11,0.19,0.28,0.09,0.12,0.22,0.22,0.1,0.18,0.7,0.12,0.08,0.2,61.4%,0.74,1.97,0.93,0.4,0.53,0.3,0.11,0.09,0.5,0.1,0.15,0.2,0.19,101,0.6,0.02,0.12,0.58,0.67,0.1,0.68,3.72,0.82,0.8,0.09,2.6,False
https://www.hltv.org/stats/players/20183/decenty,decenty,Brazil,20 years,Imperial,0.78,1.13,0.73,77.4,97.9,0.49,1.19,0.18,0.17,0.08,0.11,0.21,0.21,0.14,0.2,0.34,0.09,0.07,0.16,54.8%,0.74,2.64,0.07,0.04,0.05,0.03,0.01,0.006,0.74,0.12,0.17,0.24,0.23,106,0.58,0.02,0.11,0.64,0.64,0.1,0.21,2.84,0.57,0.32,0.03,2.31,False
https://www.hltv.org/stats/players/22564/noway,noway,Brazil,19 years,Imperial,0.62,1.1,0.69,75.5,96.9,0.47,1.15,0.16,0.68,0.11,0.15,0.25,0.25,0.19,0.21,0.61,0.11,0.11,0.22,49.9%,0.72,2.77,0.01,0.01,0.02,0.01,0.002,0.001,0.44,0.1,0.14,0.2,0.27,109,0.32,0.01,0.07,0.53,0.63,0.08,0.48,4.77,0.72,0.5,0.02,1.74,False
https://www.hltv.org/stats/players/17803/fear,fear,Ukraine,24 years,Passion UA,0.43,1.05,0.64,72.2,92.1,0.45,0.94,0.15,0.67,0.11,0.15,0.28,0.28,0.18,0.22,0.41,0.09,0.1,0.19,49.0%,0.72,2.91,0.0,0.01,0.01,0.01,0.0005,0.0006,0.49,0.1,0.14,0.21,0.26,113,0.52,0.02,0.11,0.64,0.65,0.1,0.77,6.52,1.35,0.62,0.05,2.28,True
https://www.hltv.org/stats/players/23046/jambo,jambo,Ukraine,20 years,Passion UA,0.8,1.19,0.74,77.7,101.3,0.49,1.15,0.19,0.33,0.1,0.12,0.25,0.25,0.16,0.2,0.87,0.14,0.1,0.24,60.0%,0.72,2.14,0.89,0.3,0.4,0.23,0.08,0.08,0.44,0.1,0.14,0.19,0.25,106,0.65,0.03,0.12,0.56,0.65,0.09,0.52,3.35,0.89,0.59,0.06,2.43,False
https://www.hltv.org/stats/players/23413/s-chilla,s-chilla,Ukraine,19 years,Passion UA,0.34,1.02,0.62,70.5,89.5,0.44,1.04,0.14,0.84,0.12,0.16,0.32,0.32,0.2,0.23,0.39,0.09,0.1,0.19,48.0%,0.73,2.74,0.0,0.0,0.0,0.0,0.0005,0.0,0.43,0.11,0.13,0.2,0.28,113,0.42,0.02,0.08,0.65,0.63,0.08,0.31,4.42,0.87,0.31,0.02,2.02,False
https://www.hltv.org/stats/players/23414/jackasmo,jackasmo,Ukraine,17 years,Passion UA,0.74,1.11,0.71,77.9,100.4,0.48,1.19,0.18,0.41,0.09,0.13,0.26,0.26,0.19,0.2,0.33,0.09,0.09,0.18,48.6%,0.68,2.76,0.0,0.01,0.01,0.0,0.001,0.0002,0.7,0.12,0.16,0.23,0.26,109,0.47,0.02,0.09,0.65,0.62,0.08,0.66,5.43,0.81,0.59,0.04,2.21,False
https://www.hltv.org/stats/players/23415/zerrofix,zeRRoFIX,Ukraine,17 years,Passion UA,0.32,1.01,0.63,68.5,89.2,0.44,1.06,0.14,0.83,0.13,0.16,0.31,0.31,0.19,0.22,0.44,0.09,0.11,0.2,45.8%,0.74,2.45,0.01,0.01,0.02,0.01,0.003,0.0008,0.66,0.12,0.14,0.22,0.29,109,0.35,0.01,0.08,0.6,0.62,0.1,0.32,3.85,0.8,0.41,0.02,1.88,False
https://www.hltv.org/stats/players/16147/cptkurtka023,cptkurtka023,Ukraine,25 years,B8,0.54,1.03,0.66,74.0,97.9,0.45,1.04,0.16,0.83,0.12,0.17,0.3,0.3,0.16,0.19,0.62,0.11,0.12,0.23,47.2%,0.73,2.64,0.0,0.0,0.0,0.0,0.0002,0.0001,0.49,0.11,0.14,0.21,0.21,111,0.32,0.02,0.07,0.63,0.57,0.05,0.35,3.82,0.71,0.42,0.03,2.27,False
https://www.hltv.org/stats/players/19592/headtr1ck,headtr1ck,Ukraine,20 years,B8,0.72,1.15,0.73,75.3,96.0,0.49,1.1,0.18,0.29,0.09,0.11,0.24,0.24,0.13,0.2,0.39,0.09,0.06,0.15,60.0%,0.74,2.31,0.83,0.26,0.36,0.2,0.06,0.05,0.72,0.12,0.17,0.23,0.24,104,0.72,0.03,0.14,0.62,0.69,0.12,0.67,4.97,1.1,0.59,0.06,2.41,False
https://www.hltv.org/stats/players/20112/alex666,alex666,Ukraine,23 years,B8,0.67,1.08,0.69,77.2,98.9,0.47,1.15,0.17,0.55,0.1,0.14,0.26,0.26,0.18,0.2,0.42,0.09,0.1,0.19,47.7%,0.73,2.9,0.01,0.01,0.02,0.01,0.003,0.002,0.52,0.1,0.15,0.21,0.22,112,0.51,0.02,0.1,0.66,0.6,0.07,0.33,3.9,0.83,0.4,0.02,2.06,False
https://www.hltv.org/stats/players/21708/npl,npl,Ukraine,19 years,B8,0.74,1.12,0.71,78.9,103.0,0.48,1.21,0.17,0.75,0.12,0.15,0.28,0.28,0.19,0.19,0.66,0.11,0.12,0.23,49.0%,0.72,2.89,0.0,0.0,0.0,0.0,0.0007,0.0004,0.66,0.12,0.16,0.22,0.23,111,0.45,0.02,0.08,0.67,0.6,0.06,0.44,4.58,0.75,0.46,0.03,2.03,True
https://www.hltv.org/stats/players/23643/esenthial,esenthial,Ukraine,18 years,B8,0.25,0.95,0.6,65.6,84.6,0.42,0.94,0.14,0.88,0.12,0.17,0.34,0.34,0.17,0.22,0.34,0.08,0.1,0.19,45.3%,0.74,2.26,0.0,0.0,0.0,0.0,0.0,0.0,0.57,0.11,0.14,0.22,0.28,109,0.51,0.02,0.09,0.66,0.6,0.07,0.15,3.0,0.51,0.26,0.02,1.83,False
https://www.hltv.org/stats/players/11840/boombl4,Boombl4,Russia,26 years,Cloud9,0.54,1.04,0.66,75.1,96.8,0.45,1.02,0.16,0.48,0.1,0.14,0.24,0.24,0.15,0.18,0.69,0.12,0.13,0.25,46.7%,0.72,3.1,0.03,0.02,0.03,0.02,0.004,0.004,0.16,0.08,0.11,0.17,0.19,114,0.39,0.02,0.08,0.6,0.63,0.05,0.71,4.82,0.84,0.73,0.04,2.23,True
https://www.hltv.org/stats/players/15071/interz,interz,Russia,24 years,Cloud9,0.14,0.99,0.58,63.1,76.0,0.41,1.04,0.13,0.54,0.1,0.13,0.29,0.29,0.12,0.26,0.17,0.06,0.06,0.12,48.6%,0.74,2.49,0.01,0.01,0.02,0.01,0.002,0.001,0.57,0.1,0.14,0.24,0.23,109,0.46,0.02,0.1,0.59,0.7,0.12,0.68,4.99,1.0,0.63,0.05,2.29,False
https://www.hltv.org/stats/players/16555/ax1le,Ax1Le,Russia,22 years,Cloud9,0.81,1.15,0.73,80.3,102.7,0.48,1.23,0.18,0.37,0.09,0.13,0.22,0.22,0.14,0.19,0.64,0.11,0.09,0.2,54.7%,0.76,3.0,0.03,0.02,0.03,0.02,0.005,0.003,0.27,0.1,0.13,0.17,0.18,111,0.44,0.02,0.09,0.64,0.67,0.1,0.74,5.37,1.12,0.73,0.04,2.18,False
https://www.hltv.org/stats/players/20447/heavygod,HeavyGod,Israel,22 years,Cloud9,0.77,1.12,0.72,79.5,101.1,0.49,1.25,0.18,0.11,0.08,0.1,0.19,0.19,0.14,0.18,0.53,0.1,0.09,0.2,52.5%,0.7,2.77,0.0,0.0,0.01,0.0,0.0008,0.0007,0.39,0.1,0.14,0.19,0.2,110,0.69,0.03,0.12,0.64,0.66,0.09,0.56,3.37,0.6,0.72,0.04,2.12,False
https://www.hltv.org/stats/players/21439/icy,ICY,Kazakhstan,19 years,Cloud9,0.62,1.15,0.72,70.5,92.2,0.49,1.12,0.18,0.22,0.09,0.1,0.27,0.27,0.1,0.2,0.58,0.11,0.07,0.18,62.6%,0.73,1.84,0.93,0.37,0.51,0.29,0.1,0.08,0.7,0.12,0.16,0.23,0.24,98,0.86,0.04,0.15,0.65,0.7,0.13,0.49,3.32,0.97,0.55,0.06,2.47,False
https://www.hltv.org/stats/players/7528/krimz,KRIMZ,Sweden,30 years,fnatic,0.63,1.04,0.69,75.2,66.0,0.47,,0.17,0.09,0.09,0.09,0.18,0.18,0.15,0.2,0.35,0.09,0.08,0.17,51.6%,0.74,2.93,0.01,0.01,0.02,0.01,0.003,0.002,0.21,0.1,0.1,0.15,0.22,79,0.4,0.02,0.09,0.59,0.47,0.06,0.44,4.33,0.81,0.49,0.03,1.94,False
https://www.hltv.org/stats/players/8374/bodyy,bodyy,France,27 years,fnatic,0.6,0.98,0.67,76.4,93.1,0.46,,0.16,0.53,0.11,0.14,0.25,0.25,0.16,0.18,0.66,0.11,0.12,0.23,49.2%,0.73,2.77,0.01,0.01,0.02,0.01,0.003,0.002,0.22,0.09,0.12,0.17,0.18,106,0.35,0.02,0.08,0.6,0.55,0.05,0.68,5.04,0.87,0.65,0.04,2.06,False
https://www.hltv.org/stats/players/13670/nawwk,nawwk,Sweden,27 years,fnatic,0.66,1.12,0.72,71.9,93.2,0.49,1.11,0.18,0.16,0.08,0.1,0.23,0.23,0.09,0.18,0.45,0.1,0.06,0.16,61.0%,0.76,1.93,0.92,0.33,0.45,0.26,0.09,0.06,0.55,0.11,0.15,0.21,0.21,99,0.8,0.03,0.16,0.54,0.71,0.11,0.4,2.69,0.72,0.52,0.05,2.41,False
https://www.hltv.org/stats/players/15165/blamef,blameF,Denmark,27 years,fnatic,0.9,1.23,0.76,85.2,108.1,0.51,1.17,0.19,0.09,0.07,0.1,0.21,0.21,0.15,0.2,0.73,0.12,0.08,0.21,59.7%,0.75,3.3,0.0,0.01,0.01,0.0,0.001,0.0009,0.39,0.1,0.14,0.19,0.19,112,0.72,0.03,0.15,0.57,0.68,0.14,0.72,7.2,1.59,0.54,0.04,2.39,False
https://www.hltv.org/stats/players/21062/matys,MATYS,Slovakia,22 years,fnatic,0.91,1.15,0.77,82.6,111.1,0.49,1.23,0.2,0.71,0.12,0.16,0.26,0.26,0.15,0.15,0.77,0.13,0.12,0.24,51.8%,0.71,2.68,0.0,0.0,0.01,0.0,0.001,0.0005,0.63,0.13,0.16,0.2,0.2,107,0.28,0.01,0.06,0.68,0.57,0.05,0.45,3.79,0.53,0.53,0.03,2.28,False
https://www.hltv.org/stats/players/15662/zorte,zorte,Russia,26 years,BetBoom,0.68,1.14,0.72,73.1,93.8,0.49,1.17,0.18,0.22,0.09,0.11,0.22,0.22,0.09,0.18,0.72,0.12,0.08,0.2,61.1%,0.74,1.87,0.92,0.35,0.49,0.27,0.09,0.09,0.53,0.11,0.15,0.21,0.18,101,0.65,0.02,0.13,0.58,0.66,0.11,0.61,2.86,0.66,0.89,0.08,2.39,False
https://www.hltv.org/stats/players/18506/s1ren,s1ren,Russia,22 years,BetBoom,0.49,1.05,0.66,72.3,90.4,0.46,1.1,0.16,0.65,0.11,0.14,0.31,0.31,0.15,0.2,0.26,0.08,0.08,0.16,48.9%,0.74,2.56,0.0,0.0,0.01,0.0,0.0005,0.0,0.65,0.12,0.15,0.23,0.22,109,0.5,0.02,0.1,0.59,0.64,0.07,0.29,3.41,0.8,0.39,0.03,2.23,False
https://www.hltv.org/stats/players/21667/magnojez,Magnojez,Russia,20 years,BetBoom,0.77,1.11,0.71,80.5,105.6,0.48,1.17,0.18,0.54,0.1,0.15,0.25,0.25,0.17,0.17,0.8,0.13,0.13,0.27,49.4%,0.71,3.0,0.01,0.01,0.02,0.01,0.003,0.002,0.21,0.09,0.12,0.17,0.2,113,0.38,0.02,0.08,0.61,0.6,0.06,0.57,5.74,1.03,0.47,0.03,2.33,False
https://www.hltv.org/stats/players/12092/max,max,Uruguay,25 years,9z,0.61,1.08,0.67,77.2,99.5,0.46,1.1,0.16,0.5,0.1,0.14,0.24,0.24,0.16,0.19,0.69,0.11,0.12,0.23,49.0%,0.74,3.01,0.01,0.01,0.01,0.01,0.002,0.001,0.27,0.09,0.12,0.18,0.18,115,0.37,0.01,0.09,0.61,0.65,0.07,0.61,5.2,0.74,0.53,0.04,2.52,False
https://www.hltv.org/stats/players/14736/dgt,dgt,Uruguay,23 years,9z,0.8,1.16,0.74,78.4,99.8,0.5,1.16,0.18,0.23,0.08,0.11,0.23,0.23,0.13,0.19,0.45,0.1,0.07,0.16,57.7%,0.75,2.8,0.0,0.0,0.01,0.0,0.0007,0.0004,0.6,0.11,0.16,0.21,0.21,106,0.53,0.02,0.11,0.63,0.66,0.12,0.31,3.91,1.04,0.35,0.02,2.3,False
https://www.hltv.org/stats/players/21239/martinezsa,MartinezSa,Spain,23 years,9z,0.64,1.13,0.72,71.4,94.4,0.49,1.14,0.17,0.14,0.08,0.1,0.21,0.21,0.1,0.19,0.73,0.13,0.07,0.2,63.5%,0.72,1.8,0.93,0.39,0.53,0.29,0.1,0.09,0.35,0.09,0.14,0.19,0.22,99,0.65,0.02,0.14,0.58,0.7,0.12,0.5,1.95,0.38,0.66,0.07,2.44,False
https://www.hltv.org/stats/players/22613/huasopeek,HUASOPEEK,Chile,21 years,9z,0.54,1.05,0.67,73.0,94.7,0.45,1.17,0.16,0.63,0.11,0.14,0.31,0.31,0.17,0.21,0.37,0.09,0.1,0.18,47.8%,0.72,2.58,0.01,0.01,0.01,0.01,0.002,0.0005,0.49,0.11,0.14,0.2,0.25,109,0.46,0.02,0.09,0.68,0.65,0.08,0.32,3.36,0.78,0.45,0.03,1.91,False
https://www.hltv.org/stats/players/19187/xfl0ud,xfl0ud,Turkey,21 years,Sangal,0.53,1.06,0.66,74.1,94.7,0.45,1.08,0.16,0.39,0.09,0.13,0.26,0.26,0.15,0.2,0.33,0.09,0.09,0.18,47.9%,0.72,2.79,0.01,0.01,0.02,0.01,0.003,0.001,0.28,0.09,0.12,0.19,0.2,112,0.52,0.02,0.1,0.63,0.64,0.07,0.71,5.13,0.93,0.63,0.05,2.47,False
https://www.hltv.org/stats/players/19310/lnz,LNZ,Sweden,22 years,Sangal,0.33,1.0,0.62,69.4,88.2,0.44,0.93,0.15,0.52,0.1,0.14,0.27,0.27,0.14,0.21,0.29,0.08,0.09,0.17,47.4%,0.73,2.6,0.0,0.01,0.01,0.0,0.001,0.001,0.52,0.1,0.14,0.22,0.22,111,0.55,0.02,0.11,0.63,0.64,0.08,0.76,5.26,0.96,0.69,0.07,2.37,False
https://www.hltv.org/stats/players/20245/samey,SaMey,Poland,24 years,No team,0.55,1.08,0.7,69.4,90.8,0.48,1.08,0.17,0.36,0.1,0.12,0.24,0.24,0.1,0.18,0.52,0.1,0.07,0.18,58.9%,0.74,1.92,0.92,0.34,0.49,0.27,0.09,0.08,0.6,0.11,0.15,0.22,0.22,100,0.64,0.02,0.13,0.62,0.66,0.09,0.6,3.58,1.0,0.64,0.08,2.59,False
https://www.hltv.org/stats/players/22047/yxngstxr,yxngstxr,Sweden,20 years,Sangal,0.45,1.01,0.65,70.2,91.0,0.45,0.97,0.16,0.81,0.12,0.16,0.32,0.32,0.16,0.19,0.35,0.09,0.11,0.19,44.2%,0.72,2.46,0.01,0.01,0.02,0.01,0.001,0.001,0.61,0.11,0.15,0.23,0.25,107,0.42,0.02,0.09,0.68,0.59,0.05,0.29,3.42,0.55,0.41,0.03,1.99,False
https://www.hltv.org/stats/players/22361/jottaaa,jottAAA,Turkey,22 years,Sangal,0.8,1.1,0.74,79.6,104.9,0.5,1.2,0.18,0.36,0.09,0.13,0.23,0.23,0.16,0.17,0.5,0.1,0.09,0.19,52.1%,0.74,2.74,0.0,0.01,0.01,0.0,0.001,0.0005,0.55,0.12,0.15,0.2,0.22,108,0.52,0.02,0.12,0.61,0.58,0.06,0.26,3.28,0.48,0.38,0.02,2.19,False
https://www.hltv.org/stats/players/9278/rez,REZ,Sweden,26 years,Ninjas in Pyjamas,0.69,1.03,0.7,77.4,99.2,0.47,,0.17,0.41,0.1,0.13,0.24,0.24,0.14,0.18,0.6,0.11,0.1,0.21,50.7%,0.72,2.79,0.04,0.03,0.04,0.02,0.007,0.005,0.35,0.1,0.13,0.19,0.19,110,0.44,0.02,0.1,0.61,0.63,0.06,0.52,3.95,0.66,0.63,0.03,1.77,False
https://www.hltv.org/stats/players/16811/mistem,MisteM,South Africa,23 years,Ninjas in Pyjamas,0.57,1.03,0.67,74.0,96.8,0.45,0.96,0.16,0.39,0.09,0.13,0.23,0.23,0.13,0.17,0.52,0.1,0.11,0.21,46.9%,0.73,2.68,0.0,0.01,0.01,0.01,0.002,0.001,0.26,0.09,0.12,0.19,0.18,110,0.52,0.02,0.1,0.59,0.57,0.04,0.75,4.57,0.61,0.82,0.08,2.45,False
https://www.hltv.org/stats/players/17937/isak,isak,Sweden,23 years,Ninjas in Pyjamas,0.43,1.01,0.64,72.2,92.9,0.44,1.02,0.15,0.36,0.09,0.13,0.27,0.27,0.14,0.2,0.29,0.08,0.09,0.17,49.0%,0.72,2.66,0.01,0.01,0.02,0.01,0.003,0.003,0.34,0.1,0.13,0.2,0.2,113,0.52,0.02,0.11,0.65,0.64,0.08,0.43,4.77,1.2,0.4,0.03,2.11,False
https://www.hltv.org/stats/players/20425/r1nkle,r1nkle,Ukraine,20 years,Ninjas in Pyjamas,0.79,1.13,0.74,76.3,100.0,0.5,1.09,0.19,0.15,0.08,0.11,0.2,0.2,0.1,0.16,0.77,0.13,0.09,0.22,57.9%,0.74,2.06,0.93,0.36,0.48,0.28,0.1,0.09,0.52,0.11,0.15,0.21,0.2,103,0.63,0.02,0.15,0.55,0.62,0.1,0.55,3.4,0.83,0.62,0.06,2.41,False
https://www.hltv.org/stats/players/8565/hen1,HEN1,Brazil,29 years,RED Canids,0.65,1.1,0.7,74.7,87.6,0.48,,0.17,0.11,0.08,0.09,0.2,0.2,0.13,0.21,0.53,0.1,0.06,0.17,61.8%,0.75,2.28,0.92,0.34,0.48,0.25,0.09,0.07,0.3,0.09,0.13,0.18,0.21,101,0.69,0.03,0.14,0.55,0.65,0.12,0.67,4.23,0.87,0.76,0.06,2.03,False
https://www.hltv.org/stats/players/9216/coldzera,coldzera,Brazil,30 years,RED Canids,0.82,1.12,0.75,78.0,88.1,0.5,,0.19,0.13,0.08,0.1,0.19,0.19,0.12,0.18,0.4,0.09,0.07,0.16,56.0%,0.75,2.59,0.14,0.08,0.11,0.06,0.02,0.02,0.32,0.1,0.13,0.18,0.2,94,0.52,0.02,0.1,0.58,0.6,0.08,0.47,2.51,0.54,0.7,0.03,1.64,False
https://www.hltv.org/stats/players/9911/kreaz,kreaz,Sweden,26 years,ECLOT,0.53,0.98,0.66,75.1,95.0,0.46,,0.16,0.4,0.1,0.13,0.27,0.27,0.16,0.2,0.39,0.09,0.09,0.18,48.8%,0.75,2.98,0.04,0.03,0.04,0.02,0.007,0.004,0.38,0.09,0.13,0.2,0.22,113,0.52,0.02,0.12,0.6,0.63,0.09,0.7,4.79,0.93,0.71,0.04,2.32,False
https://www.hltv.org/stats/players/12945/blytz,Blytz,Romania,24 years,ECLOT,0.75,1.1,0.71,78.9,103.4,0.48,1.13,0.18,0.58,0.11,0.15,0.25,0.25,0.16,0.17,0.66,0.11,0.11,0.23,50.2%,0.69,2.92,0.01,0.01,0.02,0.01,0.002,0.002,0.52,0.11,0.14,0.2,0.21,111,0.38,0.02,0.08,0.58,0.61,0.07,0.48,4.43,0.66,0.51,0.03,2.21,False
https://www.hltv.org/stats/players/19069/forsyy,forsyy,Czech Republic,23 years,ECLOT,0.67,1.14,0.72,73.6,96.2,0.48,1.08,0.18,0.15,0.08,0.1,0.22,0.22,0.11,0.2,0.58,0.11,0.07,0.18,61.6%,0.74,1.91,0.93,0.39,0.54,0.29,0.1,0.08,0.45,0.1,0.14,0.2,0.21,103,0.67,0.02,0.15,0.63,0.67,0.14,0.53,3.58,0.69,0.59,0.06,2.28,False
https://www.hltv.org/stats/players/19594/nbqq,nbqq,Czech Republic,27 years,ECLOT,0.63,1.06,0.69,75.3,98.6,0.47,1.05,0.17,0.48,0.1,0.14,0.25,0.25,0.15,0.18,0.6,0.11,0.11,0.22,49.9%,0.71,2.75,0.02,0.02,0.03,0.01,0.004,0.003,0.3,0.09,0.13,0.19,0.21,109,0.4,0.02,0.09,0.64,0.61,0.07,0.29,3.39,0.62,0.4,0.02,2.15,False
https://www.hltv.org/stats/players/19815/dytor,Dytor,Czech Republic,21 years,ECLOT,0.75,1.09,0.71,79.5,104.2,0.47,1.19,0.17,0.4,0.1,0.13,0.2,0.2,0.17,0.17,0.59,0.11,0.11,0.22,49.1%,0.7,3.0,0.01,0.01,0.01,0.01,0.002,0.002,0.48,0.11,0.14,0.2,0.21,112,0.39,0.02,0.08,0.6,0.6,0.06,0.44,4.96,1.02,0.4,0.03,2.27,False
https://www.hltv.org/stats/players/7028/summer,Summer,China,27 years,Rare Atom,0.75,1.06,0.72,78.8,91.8,0.48,,0.18,0.41,0.09,0.13,0.24,0.24,0.14,0.18,0.49,0.1,0.08,0.18,53.7%,0.76,2.84,0.13,0.07,0.1,0.05,0.02,0.02,0.3,0.09,0.13,0.18,0.19,103,0.58,0.02,0.1,0.69,2.83,0.06,0.76,5.71,1.0,0.73,0.04,2.03,True
https://www.hltv.org/stats/players/8605/somebody,somebody,China,29 years,Rare Atom,0.79,1.06,0.73,79.4,93.9,0.49,,0.18,0.39,0.1,0.13,0.22,0.22,0.14,0.17,0.7,0.12,0.11,0.22,51.5%,0.76,2.83,0.11,0.07,0.09,0.05,0.02,0.01,0.21,0.09,0.12,0.17,0.18,103,0.54,0.02,0.1,0.61,2.9,0.05,0.52,3.6,0.62,0.68,0.03,1.71,False
https://www.hltv.org/stats/players/8950/kaze,kaze,Malaysia,30 years,Rare Atom,0.82,1.16,0.76,77.1,93.5,0.5,,0.19,0.19,0.08,0.11,0.22,0.22,0.11,0.19,0.61,0.11,0.07,0.18,62.3%,0.76,2.24,0.93,0.38,0.5,0.28,0.1,0.08,0.44,0.1,0.15,0.19,0.2,98,0.73,0.03,0.14,0.65,0.64,0.1,0.58,2.97,0.72,0.75,0.06,2.3,False
https://www.hltv.org/stats/players/19681/childking,ChildKing,China,24 years,Rare Atom,0.68,1.07,0.7,76.4,97.9,0.47,1.17,0.17,0.57,0.1,0.15,0.26,0.26,0.14,0.18,0.5,0.1,0.11,0.21,47.5%,0.69,2.63,0.02,0.02,0.03,0.01,0.004,0.001,0.48,0.1,0.14,0.21,0.2,110,0.47,0.02,0.1,0.6,0.62,0.06,0.56,3.71,0.41,0.72,0.03,2.0,False
https://www.hltv.org/stats/players/21825/l1hang,L1haNg,China,21 years,Rare Atom,0.66,1.07,0.69,80.8,104.9,0.47,1.25,0.16,0.57,0.11,0.14,0.25,0.25,0.21,0.19,0.61,0.11,0.12,0.23,47.2%,0.72,3.08,0.0,0.01,0.01,0.01,0.001,0.001,0.61,0.12,0.15,0.22,0.23,118,0.35,0.01,0.09,0.62,0.59,0.06,0.67,7.1,0.77,0.54,0.03,2.12,False
https://www.hltv.org/stats/players/16080/dycha,dycha,Poland,27 years,Monte,0.77,1.11,0.71,80.2,103.6,0.47,1.25,0.18,0.37,0.09,0.13,0.22,0.22,0.16,0.18,0.58,0.11,0.11,0.21,50.0%,0.72,2.94,0.02,0.02,0.02,0.01,0.004,0.004,0.28,0.09,0.13,0.18,0.19,112,0.42,0.02,0.09,0.68,0.61,0.06,0.66,5.11,1.02,0.58,0.04,2.54,False
https://www.hltv.org/stats/players/16848/hades,hades,Poland,24 years,Monte,0.7,1.12,0.73,73.4,95.0,0.49,1.05,0.18,0.1,0.07,0.1,0.18,0.18,0.09,0.17,0.66,0.12,0.07,0.19,61.8%,0.76,1.9,0.93,0.39,0.53,0.3,0.1,0.09,0.24,0.08,0.13,0.18,0.19,101,0.64,0.02,0.13,0.6,0.65,0.09,0.51,2.41,0.4,0.65,0.06,2.54,False
https://www.hltv.org/stats/players/17504/kei,KEi,Poland,23 years,Monte,0.84,1.11,0.73,82.2,108.2,0.49,1.09,0.18,0.34,0.09,0.13,0.21,0.21,0.15,0.16,0.78,0.13,0.12,0.25,50.5%,0.72,3.08,0.01,0.01,0.01,0.01,0.002,0.002,0.29,0.09,0.13,0.18,0.18,112,0.39,0.02,0.09,0.58,0.58,0.05,0.54,4.46,0.7,0.56,0.03,2.21,False
https://www.hltv.org/stats/players/19733/demqq,DemQQ,Ukraine,23 years,Monte,0.57,1.07,0.67,75.2,95.5,0.46,1.08,0.16,0.54,0.1,0.14,0.26,0.26,0.15,0.19,0.56,0.1,0.1,0.21,50.4%,0.72,2.72,0.03,0.02,0.03,0.02,0.004,0.004,0.37,0.1,0.13,0.2,0.2,112,0.48,0.02,0.09,0.6,0.65,0.07,0.58,5.28,0.85,0.5,0.03,2.41,False
https://www.hltv.org/stats/players/20282/krasnal,kRaSnaL,Poland,21 years,Monte,0.57,1.05,0.67,74.9,95.7,0.46,1.05,0.16,0.81,0.12,0.16,0.29,0.29,0.17,0.19,0.44,0.09,0.1,0.19,48.5%,0.74,2.91,0.01,0.01,0.02,0.01,0.002,0.001,0.44,0.1,0.14,0.2,0.22,112,0.36,0.02,0.08,0.58,0.59,0.06,0.43,4.5,0.81,0.46,0.03,1.89,False
https://www.hltv.org/stats/players/20387/xant3r,Xant3r,Russia,20 years,Nemiga,0.67,1.09,0.69,78.3,102.6,0.47,1.27,0.17,0.53,0.1,0.14,0.25,0.25,0.2,0.19,0.68,0.11,0.12,0.24,48.3%,0.71,3.03,0.0,0.01,0.01,0.01,0.001,0.0006,0.32,0.1,0.13,0.18,0.24,114,0.42,0.02,0.09,0.62,0.6,0.06,0.66,7.65,1.17,0.5,0.03,2.25,False
https://www.hltv.org/stats/players/21266/1eer,1eeR,Belarus,22 years,Nemiga,0.27,0.98,0.6,68.3,87.4,0.42,0.95,0.14,0.74,0.12,0.15,0.28,0.28,0.18,0.22,0.27,0.08,0.1,0.18,45.1%,0.72,2.75,0.0,0.0,0.01,0.0,0.0007,0.0,0.42,0.1,0.13,0.21,0.25,114,0.46,0.02,0.1,0.6,0.65,0.08,0.68,5.83,1.08,0.54,0.05,2.52,False
https://www.hltv.org/stats/players/22460/riskyb0b,riskyb0b,Russia,22 years,Nemiga,0.56,1.08,0.66,76.8,97.1,0.46,1.14,0.16,0.72,0.12,0.15,0.31,0.31,0.22,0.21,0.6,0.11,0.1,0.21,51.1%,0.71,2.9,0.04,0.03,0.04,0.02,0.005,0.004,0.45,0.11,0.13,0.2,0.25,117,0.36,0.01,0.09,0.62,0.62,0.06,0.65,7.33,1.21,0.48,0.04,2.38,False
https://www.hltv.org/stats/players/23317/khan,khaN,Kazakhstan,21 years,Nemiga,0.56,1.09,0.7,69.0,87.8,0.47,1.05,0.17,0.33,0.1,0.11,0.3,0.3,0.11,0.2,0.47,0.1,0.07,0.17,57.2%,0.73,1.91,0.92,0.33,0.46,0.26,0.09,0.07,0.62,0.11,0.15,0.21,0.29,99,0.67,0.03,0.13,0.57,0.66,0.08,0.6,3.37,1.02,0.69,0.08,2.37,False
https://www.hltv.org/stats/players/23685/zweih,zweih,Russia,17 years,Nemiga,0.74,1.08,0.71,77.2,97.5,0.48,1.11,0.18,0.4,0.1,0.13,0.26,0.26,0.19,0.2,0.53,0.1,0.1,0.2,51.0%,0.72,2.8,0.0,0.0,0.01,0.0,0.0003,0.0003,0.6,0.11,0.15,0.21,0.29,108,0.44,0.02,0.1,0.72,0.61,0.06,0.34,4.29,0.67,0.36,0.02,2.18,False
https://www.hltv.org/stats/players/7412/gla1ve,gla1ve,Denmark,29 years,ENCE,0.48,0.97,0.65,73.4,79.2,0.45,,0.16,0.27,0.1,0.12,0.22,0.22,0.16,0.19,0.54,0.1,0.11,0.21,48.6%,0.75,2.92,0.03,0.02,0.03,0.02,0.006,0.005,0.09,0.08,0.09,0.14,0.21,95,0.32,0.02,0.07,0.62,0.53,0.04,0.81,6.01,1.25,0.79,0.05,1.97,True
https://www.hltv.org/stats/players/12731/sdy,sdy,Ukraine,27 years,ENCE,0.67,1.1,0.7,77.1,96.7,0.48,1.17,0.17,0.42,0.1,0.13,0.24,0.24,0.14,0.19,0.37,0.09,0.08,0.17,51.4%,0.74,2.93,0.04,0.02,0.04,0.02,0.005,0.004,0.6,0.11,0.16,0.22,0.19,111,0.58,0.02,0.11,0.65,0.66,0.08,0.6,4.29,0.73,0.62,0.04,2.22,False
https://www.hltv.org/stats/players/21815/podi,podi,Finland,20 years,ENCE,0.75,1.14,0.74,75.6,98.6,0.51,1.03,0.18,0.1,0.08,0.1,0.2,0.2,0.11,0.17,0.52,0.1,0.06,0.17,62.9%,0.72,2.27,0.92,0.34,0.45,0.26,0.09,0.07,0.52,0.1,0.15,0.21,0.22,102,0.67,0.02,0.18,0.51,0.67,0.14,0.66,3.92,0.89,0.69,0.08,2.58,False
https://www.hltv.org/stats/players/21972/neityu,Neityu,France,19 years,ENCE,0.57,1.07,0.67,75.1,94.6,0.46,1.07,0.16,0.69,0.12,0.15,0.3,0.3,0.19,0.21,0.28,0.08,0.08,0.17,48.8%,0.7,2.93,0.0,0.0,0.0,0.0,0.0004,0.0008,0.65,0.12,0.15,0.22,0.26,112,0.48,0.02,0.09,0.58,0.64,0.06,0.65,5.61,0.87,0.54,0.05,2.31,False
https://www.hltv.org/stats/players/21288/venomzera,venomzera,Brazil,20 years,RED Canids,0.74,1.12,0.71,77.5,102.0,0.47,1.23,0.18,0.62,0.1,0.15,0.28,0.28,0.16,0.19,0.78,0.13,0.12,0.25,50.4%,0.72,2.66,0.0,0.0,0.0,0.0,0.0007,0.0001,0.41,0.11,0.13,0.19,0.2,109,0.43,0.02,0.08,0.65,0.61,0.08,0.5,3.75,0.88,0.59,0.03,2.06,False
