full_url,firepower,kills_per_round,rounds_with_a_kill,kills_per_round_win,rating_1.0,damage_per_round,rounds_with_a_multi_kill,damage_per_round_win,pistol_round_rating,entrying,saved_by_teammate_per_round,traded_deaths_per_round,traded_deaths_percentage,opening_deaths_traded_percentage,assists_per_round,support_rounds,trading,saved_teammate_per_round,trade_kills_per_round,trade_kills_percentage,assisted_kills_percentage,damage_per_kill,opening,opening_kills_per_round,opening_deaths_per_round,opening_attempts,opening_success,win_after_opening_kill,attacks_per_round,clutching,clutch_points_per_round,last_alive_percentage,1on1_win_percentage,time_alive_per_round,saves_per_round_loss,sniping,sniper_kills_per_round,sniper_kills_percentage,rounds_with_sniper_kills_percentage,sniper_multi_kill_rounds,sniper_opening_kills_per_round,utility,utility_damage_per_round,utility_kills_per_100_rounds,flashes_thrown_per_round,flash_assists_per_round,time_opponent_flashed_per_round,player_name,map,age,team
https://www.hltv.org/stats/players/2553/snax?maps=de_ancient,0.35,0.62,0.44,0.62,0.62,0.72,0.14,0.54,0.18,0.4,0.1,0.13,0.19,0.26,0.16,0.2,0.27,0.09,0.12,0.19,0.21,1.15,0.31,0.09,0.11,0.19,0.45,0.65,0.03,0.52,0.02,0.12,0.7,1.03,0.08,0.09,0.05,0.08,0.04,0.01,0.005,0.72,0.55,0.87,0.64,0.05,2.19,Snax,de_ancient,31,other
https://www.hltv.org/stats/players/7998/s1mple?maps=de_ancient,0.87,0.77,0.53,0.74,0.76,0.79,0.2,0.62,0.32,0.15,0.08,0.1,0.17,0.23,0.1,0.16,0.32,0.09,0.14,0.18,0.16,1.04,0.76,0.13,0.07,0.2,0.65,0.77,0.02,0.32,0.008,0.1,0.44,1.23,0.13,0.9,0.32,0.41,0.23,0.08,0.06,0.54,0.28,0.59,0.79,0.04,1.98,s1mple,de_ancient,27,other
https://www.hltv.org/stats/players/3741/niko?maps=de_ancient,0.95,0.79,0.51,0.78,0.79,0.87,0.2,0.67,0.28,0.27,0.08,0.12,0.19,0.23,0.17,0.18,0.43,0.11,0.14,0.18,0.2,1.1,0.81,0.13,0.11,0.24,0.53,0.72,0.03,0.45,0.02,0.12,0.7,1.08,0.08,0.01,0.01,0.02,0.01,0.002,0.002,0.62,0.55,0.67,0.57,0.03,2.07,NiKo,de_ancient,28,other
https://www.hltv.org/stats/players/3972/hunter?maps=de_ancient,0.74,0.71,0.48,0.72,0.72,0.8,0.17,0.62,0.23,0.44,0.09,0.14,0.2,0.24,0.18,0.2,0.52,0.11,0.15,0.2,0.22,1.13,0.49,0.1,0.08,0.18,0.54,0.75,0.03,0.46,0.02,0.09,0.87,1.08,0.07,0.0,0.0,0.0,0.0,0.0005,0.0,0.85,0.73,0.83,0.76,0.04,2.3,huNter-,de_ancient,29,other
https://www.hltv.org/stats/players/11617/malbsmd?maps=de_ancient,0.94,0.78,0.5,0.78,0.76,0.85,0.2,0.67,0.24,0.66,0.12,0.15,0.21,0.27,0.19,0.16,0.54,0.11,0.15,0.2,0.21,1.09,0.87,0.15,0.14,0.29,0.51,0.71,0.03,0.27,0.01,0.07,0.74,0.97,0.05,0.0,0.0,0.0,0.0,0.0,0.0,0.57,0.56,0.81,0.48,0.03,2.2,malbsMd,de_ancient,22,other
https://www.hltv.org/stats/players/19230/m0nesy?maps=de_ancient,0.84,0.77,0.5,0.75,0.76,0.77,0.2,0.6,0.27,0.48,0.11,0.12,0.2,0.34,0.11,0.18,0.4,0.1,0.14,0.19,0.2,1.01,0.69,0.12,0.08,0.2,0.6,0.74,0.02,0.63,0.03,0.12,0.54,1.13,0.07,0.92,0.36,0.46,0.25,0.09,0.07,0.66,0.35,0.93,0.85,0.09,2.3,m0NESY,de_ancient,19,other
https://www.hltv.org/stats/players/7716/chopper?maps=de_ancient,0.3,0.62,0.44,0.59,0.65,0.7,0.14,0.53,0.19,0.66,0.11,0.15,0.22,0.28,0.16,0.21,0.08,0.08,0.09,0.15,0.2,1.13,0.4,0.09,0.1,0.19,0.48,0.76,0.03,0.32,0.01,0.08,0.48,1.12,0.07,0.0,0.01,0.01,0.01,0.0009,0.0004,0.79,0.52,0.34,0.95,0.08,2.24,chopper,de_ancient,28,other
https://www.hltv.org/stats/players/16920/sh1ro?maps=de_ancient,0.83,0.78,0.52,0.72,0.79,0.76,0.2,0.55,0.26,0.15,0.08,0.1,0.18,0.23,0.1,0.2,0.73,0.12,0.18,0.22,0.24,0.96,0.43,0.09,0.05,0.14,0.67,0.78,0.02,0.91,0.04,0.14,0.66,1.23,0.16,0.92,0.36,0.45,0.27,0.09,0.06,0.53,0.34,0.77,0.62,0.05,2.33,sh1ro,de_ancient,23,other
https://www.hltv.org/stats/players/18317/magixx?maps=de_ancient,0.62,0.67,0.46,0.64,0.72,0.78,0.16,0.58,0.24,0.7,0.11,0.15,0.23,0.29,0.19,0.23,0.37,0.1,0.13,0.19,0.21,1.15,0.57,0.1,0.09,0.19,0.54,0.76,0.03,0.48,0.02,0.09,0.62,1.13,0.08,0.0,0.01,0.01,0.01,0.0004,0.0,0.74,0.79,0.97,0.6,0.03,2.07,magixx,de_ancient,21,other
https://www.hltv.org/stats/players/20423/zont1x?maps=de_ancient,0.49,0.65,0.44,0.61,0.69,0.75,0.15,0.54,0.27,0.55,0.12,0.13,0.2,0.3,0.2,0.24,0.34,0.1,0.13,0.19,0.23,1.15,0.6,0.11,0.12,0.22,0.48,0.76,0.03,0.43,0.02,0.08,0.57,1.1,0.06,0.0,0.0,0.0,0.0,0.0,0.0,0.73,0.64,0.92,0.58,0.05,2.16,zont1x,de_ancient,19,other
https://www.hltv.org/stats/players/21167/donk?maps=de_ancient,1.0,0.92,0.57,0.88,0.88,0.96,0.25,0.75,0.25,0.63,0.12,0.14,0.21,0.27,0.2,0.15,0.73,0.18,0.19,0.2,0.23,1.04,0.9,0.16,0.12,0.28,0.57,0.71,0.03,0.42,0.02,0.06,0.86,1.03,0.06,0.0,0.01,0.01,0.01,0.0008,0.0,0.46,0.45,0.51,0.5,0.02,1.92,donk,de_ancient,18,other
https://www.hltv.org/stats/players/9816/aleksib?maps=de_ancient,0.14,0.56,0.4,0.56,0.6,0.66,0.12,0.5,0.16,0.46,0.1,0.13,0.2,0.3,0.18,0.24,0.42,0.09,0.12,0.22,0.26,1.18,0.42,0.09,0.11,0.2,0.46,0.73,0.03,0.3,0.01,0.08,0.44,1.07,0.07,0.0,0.0,0.01,0.0,0.0,0.0,0.89,0.72,1.97,0.75,0.06,2.41,Aleksib,de_ancient,27,navi
https://www.hltv.org/stats/players/14759/im?maps=de_ancient,0.8,0.72,0.48,0.74,0.71,0.81,0.18,0.64,0.22,0.42,0.1,0.13,0.19,0.26,0.16,0.17,0.23,0.09,0.12,0.17,0.19,1.12,0.77,0.12,0.12,0.25,0.5,0.73,0.03,0.37,0.02,0.1,0.68,1.02,0.06,0.0,0.0,0.0,0.0,0.001,0.0,0.42,0.43,0.58,0.45,0.03,2.27,iM,de_ancient,25,navi
https://www.hltv.org/stats/players/18987/b1t?maps=de_ancient,0.74,0.73,0.49,0.71,0.74,0.76,0.18,0.57,0.27,0.21,0.09,0.11,0.18,0.24,0.13,0.21,0.33,0.1,0.13,0.17,0.23,1.03,0.6,0.11,0.07,0.18,0.6,0.74,0.03,0.72,0.03,0.1,0.71,1.17,0.08,0.01,0.01,0.02,0.01,0.001,0.001,0.63,0.35,0.62,0.85,0.07,2.01,b1t,de_ancient,22,navi
https://www.hltv.org/stats/players/19206/jl?maps=de_ancient,0.76,0.73,0.48,0.72,0.72,0.79,0.18,0.62,0.2,0.52,0.1,0.14,0.21,0.3,0.14,0.17,0.29,0.09,0.13,0.18,0.19,1.08,0.54,0.1,0.09,0.19,0.52,0.78,0.03,0.51,0.02,0.08,0.7,1.02,0.06,0.07,0.04,0.06,0.03,0.01,0.005,0.55,0.44,0.64,0.58,0.03,2.19,jL,de_ancient,25,navi
https://www.hltv.org/stats/players/20127/w0nderful?maps=de_ancient,0.79,0.75,0.5,0.7,0.76,0.76,0.19,0.57,0.26,0.4,0.1,0.12,0.21,0.24,0.11,0.2,0.65,0.13,0.16,0.21,0.22,1.01,0.45,0.1,0.05,0.15,0.65,0.73,0.02,0.82,0.03,0.15,0.63,1.2,0.13,0.9,0.31,0.41,0.24,0.09,0.06,0.59,0.35,0.65,0.71,0.06,2.28,w0nderful,de_ancient,20,navi
https://www.hltv.org/stats/players/7322/apex?maps=de_ancient,0.0,0.0,0.0,0.0,0.0,0.0,0.0,0.0,0.0,0.0,0.0,0.0,0.0,0.0,0.0,0.0,0.0,0.0,0.0,0.0,0.0,0.0,0.0,0.0,0.0,0.0,0.0,0.0,0.0,0.0,0.0,0.0,0.0,0.0,0.0,0.0,0.0,0.0,0.0,0.0,0.0,0.0,0.0,0.0,0.0,0.0,0.0,apEX,de_ancient,32,other
https://www.hltv.org/stats/players/11893/zywoo?maps=de_ancient,0.99,0.82,0.55,0.77,0.95,0.95,0.24,0.71,0.37,0.8,0.12,0.18,0.29,0.0,0.22,0.22,0.34,0.06,0.16,0.19,0.07,1.15,0.94,0.22,0.06,0.28,0.79,0.73,0.03,0.41,0.02,0.04,1.0,1.05,0.05,0.45,0.16,0.19,0.1,0.06,0.08,0.87,0.7,0.0,0.86,0.06,2.59,ZywOo,de_ancient,24,other
https://www.hltv.org/stats/players/16693/flamez?maps=de_ancient,0.77,0.71,0.48,0.72,0.73,0.81,0.18,0.63,0.22,0.86,0.12,0.17,0.25,0.4,0.13,0.18,0.26,0.11,0.12,0.16,0.15,1.14,0.9,0.16,0.14,0.3,0.53,0.74,0.03,0.22,0.009,0.06,0.46,1.03,0.07,0.0,0.0,0.0,0.0,0.0,0.0,0.79,0.55,0.71,0.91,0.04,2.19,flameZ,de_ancient,21,other
https://www.hltv.org/stats/players/18221/spinx?maps=de_ancient,0.86,0.76,0.5,0.75,0.75,0.82,0.18,0.61,0.17,0.26,0.09,0.12,0.18,0.24,0.13,0.16,0.45,0.1,0.15,0.19,0.19,1.08,0.55,0.11,0.08,0.19,0.57,0.65,0.03,0.61,0.03,0.12,0.8,1.07,0.08,0.0,0.0,0.0,0.0,0.002,0.0,0.47,0.44,1.1,0.47,0.04,2.24,Spinx,de_ancient,24,vitality
https://www.hltv.org/stats/players/18462/mezii?maps=de_ancient,0.83,0.73,0.48,0.72,0.73,0.82,0.18,0.61,0.22,0.43,0.1,0.13,0.19,0.3,0.14,0.2,0.5,0.11,0.15,0.2,0.18,1.12,0.38,0.09,0.1,0.18,0.49,0.71,0.03,0.86,0.05,0.11,0.5,1.07,0.05,0.0,0.0,0.0,0.0,0.0,0.0,0.81,0.55,0.88,0.79,0.05,2.4,mezii,de_ancient,26,other
https://www.hltv.org/stats/players/429/karrigan?maps=de_ancient,0.24,0.59,0.41,0.59,0.6,0.68,0.14,0.54,0.18,0.5,0.09,0.15,0.21,0.22,0.16,0.19,0.02,0.06,0.08,0.13,0.19,1.16,0.69,0.12,0.18,0.3,0.39,0.71,0.03,0.24,0.01,0.06,0.55,0.95,0.04,0.0,0.01,0.01,0.0,0.0004,0.0004,0.76,0.54,0.52,0.83,0.04,2.0,karrigan,de_ancient,34,other
https://www.hltv.org/stats/players/8183/rain?maps=de_ancient,0.77,0.71,0.48,0.7,0.72,0.81,0.17,0.63,0.24,0.31,0.09,0.13,0.19,0.24,0.18,0.18,0.2,0.09,0.12,0.16,0.19,1.15,0.75,0.12,0.11,0.23,0.54,0.74,0.03,0.64,0.03,0.09,0.75,1.05,0.06,0.0,0.0,0.0,0.0,0.0,0.0,0.64,0.56,0.61,0.58,0.03,1.94,rain,de_ancient,30,other
https://www.hltv.org/stats/players/9960/frozen?maps=de_ancient,0.88,0.75,0.5,0.74,0.78,0.84,0.19,0.63,0.27,0.35,0.09,0.12,0.19,0.29,0.19,0.21,0.5,0.12,0.14,0.19,0.21,1.12,0.62,0.11,0.1,0.2,0.53,0.78,0.03,0.45,0.02,0.09,0.73,1.12,0.1,0.01,0.01,0.01,0.01,0.003,0.0,0.71,0.64,0.86,0.56,0.05,2.3,frozen,de_ancient,22,other
https://www.hltv.org/stats/players/11816/ropz?maps=de_ancient,0.68,0.72,0.49,0.67,0.74,0.75,0.17,0.56,0.27,0.07,0.07,0.09,0.16,0.17,0.12,0.23,0.33,0.09,0.14,0.19,0.22,1.04,0.33,0.08,0.04,0.12,0.66,0.76,0.02,0.81,0.03,0.16,0.53,1.18,0.14,0.07,0.04,0.06,0.04,0.01,0.01,0.39,0.29,0.59,0.53,0.04,2.02,ropz,de_ancient,25,other
https://www.hltv.org/stats/players/18053/broky?maps=de_ancient,0.74,0.74,0.5,0.7,0.73,0.74,0.18,0.56,0.25,0.47,0.09,0.13,0.21,0.35,0.12,0.19,0.54,0.1,0.16,0.21,0.23,1.0,0.3,0.08,0.05,0.12,0.61,0.75,0.02,0.81,0.04,0.12,0.66,1.17,0.1,0.91,0.32,0.43,0.25,0.09,0.05,0.69,0.39,0.89,1.05,0.09,2.13,broky,de_ancient,24,other
https://www.hltv.org/stats/players/13666/brollan?maps=de_ancient,0.69,0.68,0.46,0.68,0.71,0.81,0.17,0.63,0.22,0.47,0.1,0.14,0.2,0.23,0.21,0.21,0.46,0.1,0.14,0.21,0.2,1.19,0.7,0.12,0.12,0.24,0.49,0.72,0.03,0.35,0.02,0.07,0.58,1.05,0.05,0.0,0.0,0.01,0.0,0.002,0.0,0.76,0.68,1.09,0.61,0.04,2.35,Brollan,de_ancient,22,other
https://www.hltv.org/stats/players/16820/siuhy?maps=de_ancient,0.57,0.67,0.46,0.67,0.67,0.76,0.16,0.59,0.19,0.49,0.1,0.14,0.2,0.24,0.17,0.18,0.13,0.08,0.11,0.16,0.21,1.13,0.66,0.11,0.13,0.24,0.47,0.75,0.03,0.41,0.02,0.08,0.67,0.98,0.04,0.0,0.0,0.0,0.0,0.0,0.0,0.74,0.48,0.51,0.81,0.06,2.19,siuhy,de_ancient,22,other
https://www.hltv.org/stats/players/18072/torzsi?maps=de_ancient,0.6,0.72,0.49,0.69,0.72,0.71,0.17,0.53,0.22,0.13,0.08,0.1,0.17,0.17,0.09,0.19,0.39,0.09,0.14,0.2,0.24,0.98,0.47,0.1,0.06,0.15,0.63,0.8,0.02,0.7,0.03,0.15,0.55,1.15,0.12,0.93,0.38,0.52,0.28,0.1,0.07,0.61,0.3,0.85,0.81,0.1,2.28,torzsi,de_ancient,22,other
https://www.hltv.org/stats/players/18850/jimpphat?maps=de_ancient,0.8,0.74,0.49,0.7,0.75,0.79,0.18,0.58,0.23,0.53,0.1,0.13,0.21,0.3,0.16,0.21,0.87,0.14,0.19,0.26,0.24,1.07,0.39,0.09,0.07,0.16,0.55,0.74,0.03,0.63,0.03,0.11,0.6,1.12,0.1,0.0,0.0,0.0,0.0,0.0004,0.0,0.45,0.44,1.1,0.45,0.03,2.28,Jimpphat,de_ancient,18,other
https://www.hltv.org/stats/players/20312/xertion?maps=de_ancient,0.8,0.72,0.47,0.72,0.72,0.82,0.18,0.64,0.25,0.67,0.11,0.16,0.23,0.23,0.18,0.18,0.15,0.09,0.11,0.15,0.2,1.15,0.87,0.14,0.13,0.28,0.52,0.74,0.03,0.28,0.01,0.07,0.68,0.98,0.05,0.0,0.0,0.0,0.0,0.0004,0.0,0.65,0.63,0.89,0.55,0.03,1.98,xertioN,de_ancient,20,other
https://www.hltv.org/stats/players/20194/blitz?maps=de_ancient,0.75,0.71,0.48,0.7,0.73,0.82,0.17,0.62,0.2,0.41,0.09,0.13,0.2,0.28,0.22,0.19,0.22,0.09,0.12,0.17,0.23,1.15,0.72,0.12,0.11,0.23,0.51,0.74,0.03,0.54,0.03,0.09,0.62,0.98,0.04,0.0,0.01,0.01,0.01,0.001,0.0008,0.89,0.85,1.43,0.77,0.07,2.3,bLitz,de_ancient,23,other
https://www.hltv.org/stats/players/20275/techno?maps=de_ancient,0.74,0.71,0.47,0.7,0.71,0.78,0.18,0.6,0.22,0.76,0.11,0.16,0.23,0.31,0.18,0.18,0.22,0.09,0.12,0.16,0.23,1.11,0.61,0.11,0.12,0.22,0.48,0.76,0.03,0.46,0.02,0.08,0.72,0.97,0.04,0.0,0.0,0.0,0.0,0.0,0.0,0.47,0.53,0.71,0.43,0.02,1.93,Techno,de_ancient,19,other
https://www.hltv.org/stats/players/20903/senzu?maps=de_ancient,0.78,0.72,0.48,0.68,0.71,0.78,0.18,0.59,0.25,0.22,0.09,0.11,0.17,0.27,0.2,0.18,0.44,0.11,0.13,0.18,0.26,1.09,0.55,0.1,0.1,0.2,0.52,0.77,0.03,0.35,0.01,0.1,0.59,1.02,0.05,0.09,0.05,0.07,0.04,0.01,0.007,0.41,0.47,0.3,0.43,0.02,1.95,Senzu,de_ancient,18,other
https://www.hltv.org/stats/players/21001/mzinho?maps=de_ancient,0.67,0.69,0.46,0.67,0.71,0.74,0.18,0.56,0.21,0.49,0.1,0.14,0.21,0.27,0.18,0.2,0.41,0.11,0.13,0.19,0.27,1.08,0.53,0.1,0.09,0.2,0.52,0.74,0.03,0.57,0.03,0.1,0.84,0.98,0.05,0.0,0.0,0.0,0.0,0.0006,0.0,0.73,0.48,0.74,0.72,0.06,2.42,mzinho,de_ancient,17,other
https://www.hltv.org/stats/players/21809/910?maps=de_ancient,0.59,0.7,0.48,0.66,0.71,0.72,0.17,0.53,0.24,0.15,0.08,0.1,0.17,0.24,0.14,0.2,0.42,0.09,0.14,0.2,0.26,1.02,0.51,0.1,0.06,0.16,0.61,0.78,0.02,0.63,0.03,0.12,0.57,1.07,0.06,0.92,0.32,0.45,0.28,0.08,0.08,0.45,0.31,0.58,0.54,0.06,2.26,910,de_ancient,22,other
https://www.hltv.org/stats/players/9436/nertz?maps=de_ancient,0.93,0.78,0.51,0.78,0.76,0.85,0.2,0.67,0.25,0.29,0.1,0.12,0.18,0.23,0.15,0.15,0.35,0.11,0.13,0.17,0.19,1.09,0.91,0.15,0.12,0.27,0.57,0.75,0.03,0.41,0.02,0.1,0.73,1.03,0.07,0.01,0.01,0.01,0.0,0.002,0.0004,0.54,0.47,0.71,0.56,0.02,2.17,NertZ,de_ancient,25,other
https://www.hltv.org/stats/players/12018/teses?maps=de_ancient,0.62,0.69,0.47,0.68,0.69,0.76,0.16,0.58,0.24,0.64,0.12,0.15,0.21,0.25,0.18,0.19,0.5,0.12,0.14,0.2,0.22,1.12,0.66,0.11,0.11,0.22,0.5,0.74,0.03,0.42,0.02,0.07,0.62,1.05,0.06,0.0,0.0,0.0,0.0,0.0,0.0,0.65,0.51,0.38,0.64,0.03,2.14,TeSeS,de_ancient,24,other
https://www.hltv.org/stats/players/14148/sjuush?maps=de_ancient,0.52,0.65,0.45,0.64,0.68,0.74,0.16,0.56,0.21,0.65,0.12,0.14,0.21,0.3,0.17,0.23,0.29,0.1,0.12,0.19,0.22,1.13,0.32,0.08,0.08,0.17,0.5,0.71,0.03,0.58,0.02,0.11,0.66,1.12,0.08,0.0,0.01,0.01,0.0,0.0008,0.0004,0.76,0.45,0.85,0.93,0.08,2.42,sjuush,de_ancient,26,other
https://www.hltv.org/stats/players/17306/degster?maps=de_ancient,0.7,0.73,0.5,0.7,0.72,0.74,0.18,0.57,0.27,0.35,0.1,0.11,0.19,0.28,0.1,0.19,0.52,0.1,0.15,0.21,0.2,1.0,0.44,0.09,0.05,0.15,0.63,0.77,0.02,0.44,0.01,0.13,0.42,1.17,0.1,0.93,0.36,0.48,0.3,0.11,0.05,0.45,0.29,0.79,0.58,0.05,2.14,degster,de_ancient,23,other
https://www.hltv.org/stats/players/19677/kyxsan?maps=de_ancient,0.46,0.64,0.45,0.63,0.66,0.74,0.15,0.55,0.19,0.68,0.11,0.15,0.22,0.31,0.16,0.21,0.27,0.09,0.12,0.19,0.22,1.15,0.47,0.1,0.1,0.2,0.49,0.69,0.03,0.55,0.03,0.1,0.62,1.03,0.06,0.0,0.0,0.0,0.0,0.0,0.001,0.86,0.64,0.91,0.82,0.06,2.23,kyxsan,de_ancient,24,other
https://www.hltv.org/stats/players/4679/jks?maps=de_ancient,0.29,0.62,0.43,0.57,0.67,0.67,0.14,0.47,0.21,0.34,0.08,0.12,0.21,0.25,0.13,0.25,0.38,0.1,0.13,0.2,0.25,1.08,0.25,0.08,0.07,0.15,0.52,0.64,0.03,0.47,0.02,0.11,0.5,1.13,0.11,0.0,0.0,0.0,0.0,0.0,0.0,0.67,0.43,0.99,0.71,0.06,2.14,jks,de_ancient,29,other
https://www.hltv.org/stats/players/8520/naf?maps=de_ancient,0.76,0.71,0.5,0.7,0.74,0.81,0.17,0.61,0.23,0.37,0.1,0.12,0.2,0.3,0.2,0.21,0.59,0.11,0.15,0.21,0.24,1.15,0.27,0.07,0.06,0.13,0.57,0.76,0.04,0.42,0.01,0.11,0.75,1.13,0.1,0.02,0.01,0.02,0.01,0.004,0.001,0.88,0.79,0.76,0.76,0.06,2.44,NAF,de_ancient,27,other
https://www.hltv.org/stats/players/13915/yekindar?maps=de_ancient,0.67,0.69,0.47,0.7,0.69,0.78,0.17,0.6,0.23,0.38,0.09,0.14,0.2,0.19,0.16,0.18,0.05,0.07,0.09,0.13,0.2,1.13,0.84,0.14,0.15,0.29,0.49,0.72,0.03,0.35,0.02,0.06,0.63,1.0,0.06,0.0,0.01,0.01,0.01,0.002,0.0,0.53,0.48,0.5,0.5,0.04,2.32,YEKINDAR,de_ancient,25,other
https://www.hltv.org/stats/players/21763/ultimate?maps=de_ancient,0.6,0.71,0.47,0.71,0.69,0.71,0.17,0.55,0.2,0.37,0.09,0.13,0.2,0.26,0.1,0.16,0.38,0.1,0.14,0.19,0.23,0.99,0.59,0.11,0.09,0.2,0.55,0.72,0.02,0.62,0.03,0.13,0.56,1.03,0.07,0.91,0.33,0.45,0.24,0.08,0.08,0.51,0.28,1.07,0.66,0.05,2.15,ultimate,de_ancient,21,other
https://www.hltv.org/stats/players/2023/fallen?maps=de_ancient,0.42,0.66,0.45,0.63,0.65,0.66,0.16,0.5,0.21,0.12,0.08,0.1,0.16,0.19,0.09,0.2,0.22,0.09,0.12,0.18,0.23,1.0,0.39,0.09,0.05,0.15,0.62,0.7,0.02,0.35,0.01,0.11,0.5,1.18,0.1,0.92,0.34,0.52,0.26,0.1,0.08,0.59,0.26,0.19,1.22,0.1,2.35,FalleN,de_ancient,33,other
https://www.hltv.org/stats/players/10566/chelo?maps=de_ancient,0.71,0.71,0.47,0.71,0.72,0.77,0.17,0.61,0.23,0.78,0.11,0.16,0.24,0.31,0.16,0.18,0.31,0.1,0.13,0.18,0.2,1.09,0.83,0.13,0.11,0.25,0.54,0.74,0.03,0.25,0.01,0.06,0.59,1.08,0.08,0.05,0.03,0.04,0.02,0.01,0.005,0.51,0.4,0.75,0.6,0.02,2.17,chelo,de_ancient,26,other
https://www.hltv.org/stats/players/12553/yuurih?maps=de_ancient,0.7,0.69,0.47,0.7,0.7,0.8,0.17,0.59,0.2,0.33,0.09,0.12,0.19,0.25,0.18,0.2,0.59,0.12,0.15,0.21,0.23,1.16,0.28,0.08,0.07,0.16,0.52,0.69,0.04,0.68,0.03,0.12,0.6,1.1,0.09,0.01,0.01,0.02,0.0,0.003,0.0,0.79,0.59,0.84,0.73,0.04,2.45,yuurih,de_ancient,25,other
https://www.hltv.org/stats/players/15631/kscerato?maps=de_ancient,0.8,0.72,0.47,0.7,0.76,0.8,0.18,0.59,0.22,0.06,0.07,0.09,0.15,0.17,0.15,0.22,0.38,0.09,0.14,0.19,0.22,1.11,0.52,0.1,0.07,0.18,0.59,0.71,0.03,0.88,0.04,0.15,0.63,1.17,0.11,0.03,0.02,0.03,0.02,0.005,0.002,0.78,0.57,1.22,0.72,0.04,2.35,KSCERATO,de_ancient,25,other
https://www.hltv.org/stats/players/18676/skullz?maps=de_ancient,0.76,0.73,0.48,0.7,0.73,0.78,0.18,0.57,0.21,0.5,0.11,0.13,0.2,0.34,0.13,0.19,0.61,0.11,0.16,0.22,0.22,1.06,0.67,0.12,0.07,0.19,0.62,0.76,0.03,0.61,0.03,0.12,0.57,1.05,0.08,0.0,0.0,0.0,0.0,0.0006,0.0,0.64,0.52,0.76,0.59,0.04,2.18,skullz,de_ancient,22,other
https://www.hltv.org/stats/players/7592/device?maps=de_ancient,0.66,0.71,0.48,0.69,0.73,0.73,0.18,0.55,0.2,0.28,0.09,0.11,0.18,0.29,0.11,0.19,0.18,0.08,0.12,0.17,0.22,1.03,0.55,0.11,0.07,0.17,0.61,0.76,0.02,0.74,0.03,0.12,0.61,1.13,0.12,0.91,0.31,0.44,0.24,0.08,0.07,0.74,0.48,0.65,0.76,0.06,2.28,device,de_ancient,29,other
https://www.hltv.org/stats/players/7964/cadian?maps=de_ancient,0.38,0.65,0.45,0.62,0.67,0.69,0.15,0.52,0.23,0.42,0.1,0.13,0.21,0.24,0.13,0.19,0.18,0.09,0.11,0.17,0.22,1.07,0.55,0.1,0.09,0.19,0.54,0.76,0.02,0.52,0.02,0.13,0.76,1.12,0.12,0.9,0.28,0.43,0.23,0.07,0.05,0.89,0.6,1.39,1.06,0.1,2.42,cadiaN,de_ancient,29,other
https://www.hltv.org/stats/players/10994/stavn?maps=de_ancient,0.86,0.74,0.49,0.73,0.72,0.82,0.19,0.64,0.2,0.52,0.1,0.14,0.21,0.24,0.19,0.17,0.67,0.12,0.16,0.22,0.24,1.12,0.62,0.11,0.09,0.2,0.55,0.79,0.03,0.4,0.02,0.09,0.44,1.05,0.07,0.01,0.01,0.02,0.01,0.003,0.001,0.71,0.63,0.74,0.57,0.05,2.32,stavn,de_ancient,22,other
https://www.hltv.org/stats/players/17956/jabbi?maps=de_ancient,0.73,0.72,0.48,0.7,0.72,0.75,0.18,0.58,0.22,0.5,0.1,0.13,0.21,0.26,0.13,0.18,0.43,0.11,0.14,0.19,0.19,1.04,0.54,0.1,0.09,0.19,0.52,0.78,0.02,0.59,0.03,0.1,0.55,1.08,0.06,0.1,0.06,0.08,0.04,0.02,0.01,0.58,0.37,0.46,0.7,0.04,2.24,jabbi,de_ancient,21,other
https://www.hltv.org/stats/players/20304/staehr?maps=de_ancient,0.77,0.71,0.48,0.71,0.72,0.8,0.18,0.62,0.23,0.44,0.1,0.13,0.2,0.23,0.17,0.17,0.42,0.1,0.14,0.2,0.21,1.13,0.62,0.11,0.11,0.22,0.49,0.78,0.03,0.54,0.02,0.1,0.57,1.05,0.06,0.0,0.0,0.0,0.0,0.0006,0.0,0.83,0.61,0.83,0.76,0.05,2.48,Staehr,de_ancient,20,other
https://www.hltv.org/stats/players/150/maj3r?maps=de_ancient,0.53,0.67,0.47,0.61,0.67,0.76,0.15,0.53,0.27,0.35,0.07,0.14,0.21,0.12,0.14,0.22,0.14,0.08,0.11,0.16,0.23,1.13,0.28,0.08,0.06,0.14,0.57,0.7,0.03,0.3,0.003,0.15,0.2,1.08,0.07,0.07,0.04,0.06,0.03,0.01,0.003,0.9,0.63,0.69,0.93,0.12,2.63,MAJ3R,de_ancient,34,other
https://www.hltv.org/stats/players/7938/xantares?maps=de_ancient,0.74,0.71,0.49,0.83,0.69,0.79,0.17,0.7,0.2,0.61,0.11,0.15,0.21,0.19,0.15,0.12,0.43,0.11,0.14,0.19,0.17,1.11,0.91,0.17,0.09,0.26,0.64,0.7,0.03,0.24,0.01,0.1,1.0,0.97,0.06,0.0,0.0,0.01,0.0,0.0,0.0,0.44,0.41,0.45,0.49,0.04,2.23,XANTARES,de_ancient,29,other
https://www.hltv.org/stats/players/8574/woxic?maps=de_ancient,0.38,0.62,0.41,0.63,0.62,0.68,0.16,0.53,0.32,0.27,0.11,0.09,0.13,0.33,0.15,0.2,0.41,0.09,0.13,0.22,0.22,1.09,0.49,0.11,0.04,0.15,0.76,0.58,0.02,0.35,0.01,0.1,0.0,1.13,0.06,0.56,0.18,0.29,0.13,0.05,0.07,0.47,0.3,0.58,0.61,0.02,2.72,woxic,de_ancient,26,other
https://www.hltv.org/stats/players/8575/calyx?maps=de_ancient,0.28,0.61,0.4,0.53,0.61,0.66,0.15,0.43,0.27,0.91,0.13,0.17,0.26,0.33,0.16,0.24,0.63,0.09,0.15,0.25,0.31,1.09,0.05,0.05,0.08,0.12,0.38,0.67,0.03,0.48,0.02,0.13,0.33,1.17,0.11,0.0,0.0,0.0,0.0,0.0,0.0,0.6,0.41,1.03,0.61,0.05,2.45,Calyx,de_ancient,26,other
https://www.hltv.org/stats/players/21243/wicadia?maps=de_ancient,0.83,0.73,0.47,0.82,0.68,0.82,0.18,0.7,0.25,0.32,0.1,0.13,0.17,0.2,0.18,0.15,0.41,0.11,0.14,0.19,0.2,1.13,0.83,0.13,0.13,0.26,0.5,0.83,0.03,0.6,0.03,0.11,0.5,0.98,0.03,0.0,0.01,0.01,0.01,0.0,0.003,0.41,0.55,0.93,0.31,0.02,2.12,Wicadia,de_ancient,20,other
https://www.hltv.org/stats/players/11154/exit?maps=de_ancient,0.53,0.67,0.46,0.62,0.73,0.73,0.16,0.52,0.21,0.28,0.08,0.11,0.2,0.29,0.15,0.26,0.64,0.12,0.15,0.22,0.22,1.08,0.27,0.07,0.05,0.12,0.6,0.77,0.03,0.89,0.04,0.16,0.66,1.2,0.12,0.0,0.0,0.0,0.0,0.0003,0.0,0.82,0.53,1.39,0.75,0.08,2.51,exit,de_ancient,28,other
https://www.hltv.org/stats/players/18717/lucaozy?maps=de_ancient,0.89,0.76,0.51,0.75,0.77,0.84,0.19,0.63,0.24,0.31,0.1,0.12,0.19,0.23,0.17,0.18,0.41,0.1,0.14,0.19,0.2,1.11,0.86,0.14,0.11,0.25,0.57,0.71,0.03,0.38,0.02,0.08,0.59,1.02,0.1,0.01,0.01,0.02,0.01,0.003,0.002,0.53,0.5,0.69,0.51,0.03,2.17,Lucaozy,de_ancient,23,other
https://www.hltv.org/stats/players/18835/saffee?maps=de_ancient,0.68,0.72,0.48,0.71,0.72,0.72,0.18,0.56,0.2,0.19,0.08,0.11,0.18,0.24,0.1,0.2,0.3,0.09,0.13,0.18,0.21,1.0,0.47,0.1,0.07,0.16,0.58,0.77,0.02,0.65,0.03,0.11,0.58,1.17,0.1,0.93,0.37,0.51,0.28,0.1,0.07,0.58,0.25,0.54,0.89,0.07,2.27,saffee,de_ancient,30,other
https://www.hltv.org/stats/players/19750/drop?maps=de_ancient,0.32,0.62,0.43,0.61,0.67,0.7,0.14,0.54,0.21,0.8,0.12,0.16,0.24,0.3,0.18,0.23,0.24,0.09,0.11,0.18,0.22,1.14,0.54,0.1,0.11,0.21,0.48,0.8,0.03,0.31,0.01,0.07,0.63,1.07,0.1,0.0,0.0,0.0,0.0,0.0,0.0,0.44,0.46,1.1,0.43,0.03,2.1,drop,de_ancient,21,other
https://www.hltv.org/stats/players/21037/insani?maps=de_ancient,0.96,0.8,0.52,0.77,0.81,0.88,0.21,0.67,0.25,0.8,0.12,0.16,0.24,0.29,0.19,0.17,0.42,0.11,0.14,0.18,0.21,1.11,0.91,0.16,0.13,0.29,0.54,0.75,0.03,0.3,0.01,0.06,0.82,1.0,0.07,0.0,0.0,0.0,0.0,0.0,0.0,0.72,0.55,0.55,0.63,0.05,2.28,insani,de_ancient,20,other
https://www.hltv.org/stats/players/18141/biguzera?maps=de_ancient,0.73,0.7,0.48,0.67,0.72,0.8,0.17,0.6,0.25,0.62,0.11,0.14,0.22,0.26,0.17,0.18,0.54,0.12,0.14,0.21,0.19,1.13,0.59,0.11,0.08,0.19,0.57,0.73,0.03,0.33,0.01,0.1,0.5,1.08,0.06,0.01,0.01,0.01,0.0,0.003,0.0,0.65,0.67,0.93,0.51,0.04,2.06,biguzera,de_ancient,28,other
https://www.hltv.org/stats/players/19694/nqz?maps=de_ancient,0.51,0.7,0.48,0.66,0.71,0.67,0.17,0.49,0.19,0.36,0.09,0.11,0.2,0.27,0.07,0.2,0.46,0.1,0.15,0.21,0.2,0.96,0.31,0.08,0.06,0.14,0.56,0.75,0.02,0.89,0.04,0.12,0.75,1.18,0.13,0.94,0.42,0.6,0.32,0.11,0.07,0.61,0.3,0.73,0.87,0.08,2.21,nqz,de_ancient,20,other
https://www.hltv.org/stats/players/20085/kauez?maps=de_ancient,0.77,0.71,0.48,0.7,0.71,0.79,0.18,0.6,0.28,0.28,0.09,0.12,0.19,0.17,0.14,0.19,0.62,0.12,0.15,0.21,0.19,1.11,0.62,0.11,0.11,0.22,0.51,0.59,0.03,0.34,0.02,0.09,0.36,0.98,0.1,0.02,0.02,0.03,0.02,0.002,0.0,0.38,0.61,0.31,0.23,0.01,1.74,kauez,de_ancient,21,other
https://www.hltv.org/stats/players/20171/snow?maps=de_ancient,0.75,0.71,0.47,0.73,0.72,0.78,0.18,0.61,0.21,0.68,0.11,0.15,0.22,0.32,0.17,0.19,0.6,0.12,0.15,0.21,0.24,1.09,0.81,0.13,0.11,0.24,0.53,0.8,0.03,0.35,0.02,0.09,0.38,0.98,0.07,0.05,0.03,0.04,0.02,0.008,0.004,0.39,0.44,0.76,0.39,0.03,2.29,snow,de_ancient,17,other
https://www.hltv.org/stats/players/20563/lux?maps=de_ancient,0.86,0.75,0.5,0.75,0.74,0.82,0.19,0.63,0.26,0.44,0.09,0.13,0.21,0.26,0.17,0.18,0.3,0.1,0.13,0.17,0.22,1.09,0.61,0.11,0.09,0.2,0.54,0.77,0.03,0.41,0.02,0.1,0.56,1.02,0.09,0.06,0.04,0.05,0.03,0.008,0.007,0.76,0.56,0.67,0.74,0.04,2.14,lux,de_ancient,22,other
https://www.hltv.org/stats/players/8918/electronic?maps=de_ancient,0.78,0.71,0.47,0.73,0.71,0.81,0.18,0.63,0.23,0.8,0.13,0.16,0.23,0.27,0.19,0.18,0.33,0.11,0.12,0.17,0.21,1.14,0.73,0.12,0.13,0.25,0.48,0.7,0.03,0.35,0.02,0.07,0.6,1.07,0.06,0.0,0.0,0.0,0.0,0.0,0.0,0.68,0.46,0.64,0.78,0.04,1.98,electroNic,de_ancient,26,other
https://www.hltv.org/stats/players/12732/fl1t?maps=de_ancient,0.64,0.67,0.46,0.7,0.69,0.77,0.17,0.61,0.2,0.13,0.07,0.11,0.17,0.19,0.18,0.2,0.24,0.09,0.12,0.18,0.22,1.15,0.65,0.11,0.1,0.22,0.52,0.74,0.03,0.68,0.03,0.1,0.55,1.12,0.12,0.0,0.0,0.0,0.0,0.0,0.0,0.6,0.63,1.15,0.45,0.03,2.43,FL1T,de_ancient,24,other
https://www.hltv.org/stats/players/16612/n0rb3r7?maps=de_ancient,0.72,0.69,0.46,0.7,0.69,0.79,0.18,0.61,0.21,0.57,0.11,0.14,0.21,0.26,0.17,0.19,0.1,0.08,0.1,0.15,0.2,1.14,0.69,0.12,0.12,0.24,0.48,0.7,0.03,0.51,0.02,0.07,0.65,1.07,0.05,0.01,0.0,0.01,0.01,0.003,0.0,0.57,0.63,1.26,0.45,0.03,2.18,n0rb3r7,de_ancient,24,other
https://www.hltv.org/stats/players/20101/fame?maps=de_ancient,0.6,0.69,0.47,0.68,0.69,0.74,0.17,0.57,0.23,0.46,0.09,0.13,0.21,0.34,0.13,0.2,0.39,0.1,0.13,0.19,0.2,1.07,0.45,0.1,0.09,0.19,0.51,0.71,0.03,0.51,0.02,0.09,0.56,1.17,0.09,0.04,0.02,0.04,0.02,0.008,0.004,0.52,0.32,0.45,0.64,0.04,2.41,fame,de_ancient,22,other
https://www.hltv.org/stats/players/13138/maka?maps=de_ancient,0.58,0.69,0.47,0.67,0.7,0.72,0.17,0.55,0.24,0.29,0.09,0.11,0.18,0.32,0.13,0.2,0.42,0.1,0.14,0.2,0.24,1.04,0.53,0.1,0.09,0.19,0.55,0.67,0.02,0.63,0.02,0.14,0.56,1.07,0.1,0.9,0.29,0.41,0.22,0.07,0.06,0.79,0.48,0.93,1.03,0.09,2.39,Maka,de_ancient,27,other
https://www.hltv.org/stats/players/13497/lucky?maps=de_ancient,0.55,0.66,0.45,0.66,0.69,0.76,0.16,0.58,0.23,0.65,0.12,0.14,0.21,0.3,0.2,0.22,0.68,0.12,0.15,0.23,0.24,1.16,0.42,0.09,0.1,0.19,0.49,0.7,0.03,0.59,0.03,0.1,0.76,1.02,0.08,0.0,0.01,0.01,0.0,0.001,0.0007,0.55,0.67,0.59,0.42,0.03,2.14,Lucky,de_ancient,26,other
https://www.hltv.org/stats/players/19738/djoko?maps=de_ancient,0.66,0.68,0.46,0.7,0.67,0.76,0.17,0.6,0.23,0.82,0.12,0.16,0.23,0.33,0.17,0.16,0.41,0.11,0.13,0.19,0.21,1.11,0.52,0.1,0.12,0.22,0.46,0.75,0.03,0.29,0.01,0.08,0.45,0.97,0.05,0.0,0.0,0.01,0.0,0.001,0.0,0.81,0.65,1.23,0.69,0.04,2.32,Djoko,de_ancient,27,other
https://www.hltv.org/stats/players/19739/ex3rcice?maps=de_ancient,0.63,0.69,0.46,0.69,0.67,0.74,0.17,0.57,0.22,0.37,0.1,0.13,0.19,0.28,0.14,0.2,0.54,0.11,0.15,0.21,0.22,1.08,0.35,0.09,0.08,0.17,0.53,0.71,0.03,0.5,0.02,0.11,0.62,1.03,0.07,0.04,0.03,0.04,0.02,0.005,0.003,0.62,0.38,0.85,0.77,0.05,2.07,Ex3rcice,de_ancient,25,other
https://www.hltv.org/stats/players/8738/elige?maps=de_ancient,0.91,0.76,0.51,0.77,0.76,0.87,0.19,0.69,0.26,0.4,0.1,0.13,0.19,0.24,0.19,0.16,0.49,0.12,0.15,0.19,0.2,1.13,0.89,0.16,0.12,0.28,0.56,0.67,0.03,0.27,0.01,0.08,0.6,0.98,0.05,0.0,0.01,0.01,0.01,0.001,0.002,0.63,0.56,0.62,0.56,0.02,2.35,EliGE,de_ancient,27,other
https://www.hltv.org/stats/players/11630/jt?maps=de_ancient,0.33,0.61,0.44,0.62,0.63,0.72,0.14,0.55,0.19,0.76,0.12,0.16,0.23,0.29,0.17,0.19,0.43,0.1,0.13,0.21,0.19,1.17,0.6,0.11,0.12,0.23,0.46,0.73,0.03,0.4,0.02,0.1,0.59,1.0,0.05,0.0,0.0,0.0,0.0,0.0004,0.0004,0.74,0.52,0.54,0.75,0.05,2.04,JT,de_ancient,25,other
https://www.hltv.org/stats/players/12840/hallzerk?maps=de_ancient,0.36,0.65,0.45,0.64,0.65,0.66,0.15,0.5,0.19,0.38,0.1,0.12,0.19,0.31,0.1,0.2,0.49,0.09,0.14,0.22,0.26,1.01,0.29,0.08,0.07,0.16,0.52,0.74,0.02,0.87,0.04,0.13,0.61,1.12,0.07,0.91,0.29,0.44,0.22,0.07,0.05,0.67,0.36,0.71,0.86,0.09,2.47,hallzerk,de_ancient,24,other
https://www.hltv.org/stats/players/13578/grim?maps=de_ancient,0.6,0.68,0.47,0.7,0.67,0.76,0.16,0.59,0.26,0.73,0.12,0.15,0.22,0.3,0.16,0.18,0.51,0.11,0.14,0.2,0.22,1.11,0.59,0.11,0.11,0.22,0.51,0.66,0.03,0.42,0.02,0.09,0.56,0.98,0.07,0.03,0.02,0.03,0.01,0.005,0.002,0.34,0.33,0.49,0.47,0.03,2.05,Grim,de_ancient,24,other
https://www.hltv.org/stats/players/16486/ztr?maps=de_ancient,0.33,0.62,0.43,0.63,0.63,0.7,0.15,0.54,0.16,0.53,0.1,0.14,0.21,0.33,0.17,0.19,0.55,0.11,0.14,0.22,0.25,1.12,0.34,0.09,0.1,0.19,0.47,0.71,0.03,0.62,0.03,0.11,0.71,1.03,0.06,0.0,0.0,0.0,0.0,0.0004,0.0,0.87,0.65,0.94,0.75,0.08,2.44,ztr,de_ancient,21,other
https://www.hltv.org/stats/players/20301/tauson?maps=de_ancient,0.51,0.66,0.46,0.65,0.67,0.75,0.15,0.58,0.23,0.61,0.11,0.14,0.21,0.27,0.18,0.2,0.46,0.1,0.14,0.21,0.22,1.15,0.37,0.09,0.09,0.18,0.49,0.7,0.03,0.41,0.02,0.1,0.46,1.02,0.06,0.0,0.0,0.0,0.0,0.0,0.0,0.51,0.49,0.93,0.47,0.04,2.35,Tauson,de_ancient,19,other
https://www.hltv.org/stats/players/20358/volt?maps=de_ancient,0.44,0.64,0.44,0.64,0.65,0.73,0.15,0.56,0.2,0.57,0.11,0.14,0.2,0.29,0.16,0.2,0.72,0.13,0.15,0.24,0.23,1.14,0.46,0.1,0.1,0.2,0.48,0.65,0.03,0.53,0.02,0.1,0.63,1.02,0.06,0.0,0.01,0.02,0.01,0.001,0.001,0.53,0.43,0.5,0.57,0.03,2.21,volt,de_ancient,23,other
https://www.hltv.org/stats/players/20870/sl3nd?maps=de_ancient,0.61,0.71,0.5,0.67,0.72,0.74,0.16,0.56,0.21,0.17,0.09,0.1,0.17,0.24,0.14,0.2,0.41,0.1,0.13,0.19,0.24,1.05,0.32,0.08,0.05,0.14,0.61,0.7,0.02,0.79,0.03,0.15,0.4,1.15,0.12,0.92,0.35,0.48,0.27,0.09,0.06,0.81,0.55,1.19,0.76,0.06,2.33,sl3nd,de_ancient,20,other
https://www.hltv.org/stats/players/20994/fl4mus?maps=de_ancient,0.8,0.73,0.49,0.75,0.72,0.79,0.18,0.63,0.23,0.77,0.11,0.16,0.23,0.31,0.2,0.18,0.38,0.11,0.13,0.18,0.25,1.09,0.85,0.14,0.13,0.27,0.51,0.76,0.03,0.34,0.02,0.07,0.6,0.98,0.04,0.0,0.0,0.0,0.0,0.0,0.0,0.56,0.44,0.63,0.58,0.03,2.29,FL4MUS,de_ancient,20,other
https://www.hltv.org/stats/players/5794/tabsen?maps=de_ancient,0.55,0.66,0.46,0.65,0.67,0.78,0.15,0.6,0.23,0.67,0.11,0.15,0.22,0.25,0.21,0.19,0.47,0.1,0.14,0.21,0.22,1.18,0.46,0.1,0.11,0.2,0.48,0.69,0.03,0.43,0.02,0.07,0.67,1.0,0.04,0.01,0.01,0.01,0.01,0.003,0.0,0.93,0.82,1.19,0.85,0.08,2.58,tabseN,de_ancient,29,other
https://www.hltv.org/stats/players/7266/syrson?maps=de_ancient,0.54,0.7,0.48,0.7,0.69,0.68,0.17,0.55,0.22,0.2,0.09,0.11,0.17,0.29,0.1,0.18,0.51,0.11,0.14,0.2,0.25,0.97,0.46,0.09,0.07,0.16,0.58,0.79,0.02,0.6,0.02,0.13,0.46,1.05,0.1,0.95,0.44,0.62,0.33,0.12,0.08,0.41,0.25,0.46,0.55,0.05,2.33,syrsoN,de_ancient,28,other
https://www.hltv.org/stats/players/12708/rigon?maps=de_ancient,0.74,0.72,0.48,0.72,0.69,0.78,0.17,0.61,0.27,0.51,0.1,0.15,0.2,0.24,0.15,0.16,0.23,0.09,0.12,0.17,0.2,1.09,0.78,0.13,0.13,0.26,0.49,0.72,0.03,0.45,0.02,0.08,0.74,0.88,0.02,0.03,0.02,0.03,0.02,0.004,0.003,0.23,0.34,0.8,0.29,0.02,2.34,rigoN,de_ancient,25,other
https://www.hltv.org/stats/players/14929/jdc?maps=de_ancient,0.8,0.72,0.47,0.73,0.73,0.8,0.18,0.62,0.24,0.45,0.1,0.14,0.2,0.22,0.17,0.19,0.33,0.11,0.13,0.18,0.2,1.11,0.82,0.13,0.11,0.25,0.54,0.7,0.03,0.3,0.01,0.07,0.61,1.0,0.05,0.0,0.0,0.01,0.0,0.001,0.0,0.61,0.47,0.62,0.62,0.04,2.09,JDC,de_ancient,24,other
https://www.hltv.org/stats/players/19899/krimbo?maps=de_ancient,0.67,0.71,0.49,0.67,0.73,0.75,0.17,0.56,0.24,0.18,0.08,0.1,0.18,0.26,0.14,0.22,0.4,0.1,0.13,0.19,0.24,1.06,0.28,0.08,0.06,0.14,0.57,0.72,0.03,0.93,0.04,0.18,0.59,1.15,0.12,0.03,0.02,0.03,0.02,0.005,0.002,0.88,0.64,1.28,0.81,0.08,2.24,Krimbo,de_ancient,22,other
https://www.hltv.org/stats/players/630/mutiris?maps=de_ancient,0.54,0.67,0.46,0.66,0.68,0.74,0.16,0.57,0.2,0.43,0.1,0.13,0.2,0.27,0.16,0.19,0.17,0.08,0.11,0.17,0.22,1.11,0.69,0.12,0.11,0.23,0.52,0.72,0.03,0.37,0.01,0.1,0.76,1.05,0.06,0.0,0.0,0.0,0.0,0.0,0.0,0.83,0.57,0.93,0.96,0.04,2.44,MUTiRiS,de_ancient,32,other
https://www.hltv.org/stats/players/2241/roman?maps=de_ancient,0.48,0.66,0.45,0.64,0.67,0.73,0.16,0.55,0.2,0.34,0.08,0.13,0.2,0.26,0.14,0.2,0.42,0.1,0.13,0.2,0.21,1.11,0.42,0.09,0.08,0.17,0.54,0.79,0.03,0.54,0.02,0.11,0.54,1.05,0.06,0.01,0.01,0.02,0.01,0.002,0.0008,0.75,0.56,0.61,0.71,0.03,2.45,roman,de_ancient,32,other
https://www.hltv.org/stats/players/20462/story?maps=de_ancient,0.53,0.68,0.47,0.67,0.7,0.7,0.17,0.53,0.21,0.15,0.08,0.1,0.17,0.25,0.11,0.2,0.37,0.09,0.14,0.2,0.22,1.02,0.55,0.11,0.07,0.18,0.61,0.75,0.02,0.74,0.03,0.13,0.54,1.08,0.1,0.92,0.33,0.48,0.26,0.08,0.07,0.68,0.35,0.9,0.93,0.09,2.56,story,de_ancient,22,other
https://www.hltv.org/stats/players/21014/ag1l?maps=de_ancient,0.41,0.65,0.45,0.64,0.65,0.72,0.14,0.55,0.22,0.43,0.1,0.13,0.19,0.33,0.15,0.2,0.62,0.1,0.15,0.24,0.25,1.11,0.27,0.08,0.07,0.16,0.53,0.63,0.03,0.64,0.03,0.13,0.51,1.03,0.07,0.02,0.01,0.02,0.01,0.004,0.001,0.77,0.48,0.63,0.81,0.07,2.57,Ag1l,de_ancient,22,other
https://www.hltv.org/stats/players/21136/shr?maps=de_ancient,0.87,0.75,0.5,0.8,0.7,0.82,0.19,0.68,0.24,0.66,0.1,0.16,0.21,0.3,0.15,0.12,0.53,0.13,0.14,0.19,0.21,1.1,0.64,0.11,0.1,0.22,0.53,0.68,0.03,0.31,0.02,0.07,0.62,0.92,0.03,0.09,0.05,0.06,0.03,0.01,0.007,0.32,0.33,0.08,0.4,0.03,2.88,Shr,de_ancient,24,other
https://www.hltv.org/stats/players/8507/stanislaw?maps=de_ancient,0.24,0.61,0.44,0.58,0.63,0.68,0.13,0.5,0.18,0.53,0.11,0.14,0.2,0.27,0.19,0.22,0.28,0.09,0.11,0.18,0.29,1.12,0.46,0.09,0.09,0.18,0.52,0.8,0.03,0.5,0.02,0.11,0.58,1.05,0.05,0.02,0.01,0.02,0.01,0.004,0.005,0.88,0.62,0.85,0.93,0.09,2.43,stanislaw,de_ancient,30,other
https://www.hltv.org/stats/players/8711/sonic?maps=de_ancient,0.79,0.72,0.49,0.72,0.72,0.81,0.18,0.61,0.21,0.72,0.13,0.15,0.22,0.3,0.19,0.17,0.54,0.12,0.14,0.2,0.23,1.12,0.74,0.12,0.11,0.23,0.53,0.74,0.03,0.3,0.01,0.09,0.5,1.0,0.05,0.04,0.03,0.04,0.02,0.006,0.005,0.72,0.56,0.68,0.67,0.04,2.01,Sonic,de_ancient,26,other
https://www.hltv.org/stats/players/16726/phzy?maps=de_ancient,0.68,0.71,0.48,0.7,0.72,0.74,0.18,0.57,0.25,0.25,0.09,0.11,0.18,0.22,0.12,0.19,0.42,0.1,0.14,0.2,0.23,1.04,0.52,0.1,0.08,0.18,0.56,0.75,0.02,0.68,0.03,0.12,0.54,1.08,0.09,0.91,0.31,0.43,0.22,0.08,0.05,0.59,0.36,0.89,0.66,0.06,2.34,phzy,de_ancient,22,other
https://www.hltv.org/stats/players/21163/susp?maps=de_ancient,0.65,0.69,0.47,0.67,0.7,0.77,0.17,0.59,0.24,0.48,0.11,0.13,0.2,0.24,0.2,0.2,0.35,0.1,0.13,0.19,0.23,1.13,0.62,0.11,0.12,0.23,0.48,0.72,0.03,0.47,0.02,0.08,0.62,0.98,0.05,0.0,0.0,0.0,0.0,0.0,0.0004,0.45,0.49,0.47,0.45,0.03,1.94,susp,de_ancient,20,other
https://www.hltv.org/stats/players/21665/jba?maps=de_ancient,0.77,0.73,0.48,0.7,0.72,0.78,0.18,0.58,0.23,0.53,0.11,0.13,0.2,0.28,0.15,0.2,0.73,0.13,0.16,0.22,0.24,1.07,0.46,0.1,0.08,0.17,0.56,0.75,0.03,0.73,0.03,0.12,0.58,1.05,0.05,0.0,0.0,0.01,0.0,0.001,0.0,0.45,0.5,1.01,0.4,0.03,1.89,JBa,de_ancient,20,other
https://www.hltv.org/stats/players/9115/dexter?maps=de_ancient,0.46,0.65,0.45,0.67,0.65,0.72,0.16,0.56,0.19,0.43,0.1,0.13,0.19,0.26,0.16,0.17,0.12,0.08,0.1,0.16,0.23,1.11,0.62,0.11,0.12,0.22,0.48,0.78,0.03,0.3,0.01,0.06,0.56,1.02,0.03,0.0,0.01,0.01,0.01,0.002,0.0,0.85,0.57,0.92,0.84,0.07,2.43,dexter,de_ancient,30,other
https://www.hltv.org/stats/players/10588/liazz?maps=de_ancient,0.5,0.65,0.45,0.6,0.7,0.75,0.15,0.54,0.23,0.71,0.12,0.14,0.22,0.37,0.2,0.24,0.64,0.13,0.14,0.22,0.24,1.16,0.19,0.07,0.08,0.15,0.48,0.7,0.03,0.45,0.02,0.1,0.64,1.07,0.06,0.0,0.0,0.0,0.0,0.0,0.0,0.75,0.6,0.9,0.63,0.06,2.16,Liazz,de_ancient,27,other
https://www.hltv.org/stats/players/11139/alistair?maps=de_ancient,0.41,0.67,0.45,0.63,0.69,0.66,0.16,0.5,0.24,0.24,0.1,0.1,0.17,0.26,0.1,0.22,0.09,0.07,0.1,0.15,0.24,0.99,0.48,0.1,0.06,0.16,0.61,0.76,0.02,0.84,0.04,0.14,0.67,1.1,0.06,0.92,0.34,0.5,0.27,0.08,0.08,0.65,0.34,0.82,0.87,0.1,2.3,aliStair,de_ancient,26,other
https://www.hltv.org/stats/players/11140/ins?maps=de_ancient,0.96,0.8,0.52,0.77,0.79,0.89,0.2,0.68,0.24,0.47,0.1,0.13,0.2,0.3,0.21,0.18,0.38,0.12,0.13,0.16,0.22,1.11,0.77,0.12,0.12,0.25,0.5,0.73,0.04,0.48,0.02,0.09,0.6,1.02,0.04,0.0,0.01,0.01,0.01,0.001,0.0,0.77,0.89,1.12,0.61,0.04,2.13,INS,de_ancient,26,other
https://www.hltv.org/stats/players/17384/vexite?maps=de_ancient,0.72,0.71,0.47,0.71,0.71,0.78,0.17,0.59,0.17,0.36,0.1,0.12,0.18,0.24,0.16,0.18,0.45,0.12,0.13,0.19,0.22,1.1,0.76,0.12,0.13,0.25,0.48,0.75,0.03,0.39,0.02,0.08,0.75,0.97,0.05,0.0,0.01,0.01,0.0,0.001,0.0,0.41,0.41,0.75,0.48,0.02,1.93,Vexite,de_ancient,20,other
https://www.hltv.org/stats/players/15370/slaxz?maps=de_ancient,0.71,0.73,0.49,0.7,0.74,0.73,0.18,0.55,0.24,0.25,0.09,0.11,0.19,0.28,0.1,0.2,0.37,0.09,0.14,0.19,0.22,1.0,0.58,0.11,0.06,0.17,0.63,0.8,0.02,0.73,0.03,0.13,0.49,1.15,0.1,0.94,0.41,0.56,0.31,0.11,0.08,0.66,0.36,0.61,0.86,0.08,2.33,slaxz-,de_ancient,26,other
https://www.hltv.org/stats/players/16599/swisher?maps=de_ancient,0.88,0.74,0.49,0.72,0.75,0.84,0.19,0.63,0.23,0.64,0.11,0.15,0.22,0.26,0.21,0.18,0.44,0.1,0.14,0.2,0.22,1.14,0.74,0.12,0.11,0.23,0.52,0.71,0.04,0.48,0.02,0.08,0.73,0.98,0.04,0.0,0.0,0.01,0.0,0.0009,0.0006,0.74,0.63,0.75,0.61,0.05,2.21,Swisher,de_ancient,26,other
https://www.hltv.org/stats/players/17378/reck?maps=de_ancient,0.56,0.68,0.46,0.65,0.7,0.74,0.16,0.55,0.24,0.67,0.11,0.14,0.23,0.32,0.19,0.22,0.49,0.12,0.13,0.19,0.28,1.08,0.24,0.08,0.08,0.15,0.5,0.7,0.03,0.68,0.03,0.11,0.61,1.05,0.05,0.0,0.0,0.01,0.0,0.0005,0.0005,0.75,0.46,0.99,0.89,0.07,2.22,reck,de_ancient,21,other
https://www.hltv.org/stats/players/20104/s1n?maps=de_ancient,0.69,0.69,0.46,0.67,0.71,0.78,0.17,0.59,0.22,0.4,0.1,0.13,0.2,0.24,0.19,0.21,0.61,0.11,0.15,0.22,0.24,1.14,0.44,0.09,0.09,0.18,0.51,0.77,0.03,0.5,0.02,0.1,0.57,1.05,0.08,0.03,0.02,0.03,0.02,0.006,0.002,0.89,0.67,0.77,0.87,0.07,2.46,s1n,de_ancient,23,other
https://www.hltv.org/stats/players/22921/lake?maps=de_ancient,0.9,0.75,0.49,0.78,0.75,0.84,0.19,0.67,0.24,0.78,0.12,0.16,0.23,0.24,0.23,0.18,0.45,0.12,0.13,0.18,0.26,1.12,0.84,0.15,0.15,0.3,0.49,0.7,0.03,0.53,0.03,0.07,0.64,0.93,0.04,0.0,0.0,0.0,0.0,0.0,0.0,0.39,0.41,0.81,0.43,0.03,2.1,Lake,de_ancient,20,other
https://www.hltv.org/stats/players/9219/felps?maps=de_ancient,0.63,0.68,0.45,0.74,0.67,0.77,0.16,0.64,0.21,0.56,0.1,0.15,0.21,0.24,0.16,0.16,0.1,0.08,0.1,0.15,0.18,1.13,0.81,0.14,0.15,0.29,0.47,0.71,0.03,0.24,0.01,0.08,0.5,0.97,0.07,0.0,0.01,0.01,0.01,0.0,0.0,0.61,0.45,0.57,0.68,0.02,2.35,felps,de_ancient,28,other
https://www.hltv.org/stats/players/12822/vini?maps=de_ancient,0.5,0.66,0.44,0.66,0.64,0.71,0.16,0.53,0.15,0.3,0.08,0.13,0.19,0.22,0.13,0.19,0.23,0.08,0.12,0.18,0.23,1.08,0.29,0.08,0.1,0.18,0.44,0.73,0.03,0.42,0.02,0.09,1.0,1.07,0.06,0.01,0.01,0.02,0.01,0.003,0.001,0.68,0.45,0.65,0.76,0.04,2.24,VINI,de_ancient,25,other
https://www.hltv.org/stats/players/19869/try?maps=de_ancient,0.81,0.77,0.5,0.78,0.74,0.75,0.2,0.58,0.26,0.12,0.08,0.1,0.17,0.17,0.07,0.16,0.47,0.1,0.15,0.2,0.2,0.97,0.5,0.1,0.07,0.17,0.61,0.73,0.02,0.9,0.05,0.12,0.58,1.12,0.08,0.93,0.39,0.49,0.29,0.11,0.07,0.67,0.36,0.7,0.84,0.08,2.51,try,de_ancient,20,other
https://www.hltv.org/stats/players/20183/decenty?maps=de_ancient,0.83,0.76,0.52,0.77,0.71,0.79,0.19,0.59,0.2,0.06,0.08,0.09,0.14,0.11,0.12,0.16,0.85,0.14,0.19,0.26,0.23,1.03,0.19,0.07,0.06,0.12,0.54,0.66,0.03,0.81,0.04,0.14,0.7,1.07,0.1,0.01,0.01,0.02,0.01,0.001,0.001,0.27,0.28,0.63,0.39,0.03,2.41,decenty,de_ancient,21,other
https://www.hltv.org/stats/players/22564/noway?maps=de_ancient,0.93,0.8,0.5,0.86,0.75,0.84,0.19,0.69,0.21,0.28,0.1,0.12,0.17,0.28,0.14,0.15,0.71,0.15,0.16,0.2,0.23,1.05,0.76,0.13,0.1,0.22,0.56,0.7,0.03,0.77,0.04,0.12,0.5,1.0,0.08,0.04,0.02,0.02,0.02,0.01,0.0,0.46,0.45,0.0,0.53,0.02,1.9,noway,de_ancient,19,other
https://www.hltv.org/stats/players/12731/sdy?maps=de_ancient,0.72,0.71,0.49,0.7,0.71,0.77,0.17,0.58,0.2,0.43,0.1,0.13,0.2,0.29,0.15,0.17,0.52,0.11,0.14,0.2,0.23,1.08,0.62,0.11,0.09,0.2,0.54,0.76,0.03,0.58,0.03,0.11,0.63,1.05,0.07,0.04,0.02,0.03,0.02,0.007,0.002,0.78,0.52,1.35,0.75,0.07,2.17,sdy,de_ancient,28,other
https://www.hltv.org/stats/players/10394/twistzz?maps=de_ancient,0.81,0.73,0.48,0.72,0.74,0.79,0.18,0.61,0.23,0.52,0.1,0.13,0.21,0.29,0.18,0.21,0.61,0.12,0.15,0.21,0.24,1.08,0.68,0.11,0.11,0.22,0.52,0.76,0.03,0.47,0.02,0.08,0.58,1.05,0.08,0.0,0.01,0.01,0.01,0.0,0.0,0.77,0.57,0.62,0.82,0.04,1.91,Twistzz,de_ancient,25,other
https://www.hltv.org/stats/players/17803/fear?maps=de_ancient,0.39,0.63,0.44,0.62,0.66,0.71,0.15,0.54,0.17,0.8,0.13,0.15,0.23,0.32,0.19,0.21,0.4,0.1,0.13,0.2,0.28,1.13,0.39,0.09,0.09,0.18,0.5,0.7,0.03,0.54,0.02,0.11,0.78,1.03,0.1,0.0,0.0,0.01,0.0,0.0004,0.0004,0.68,0.6,1.01,0.57,0.04,2.0,fear,de_ancient,24,other
https://www.hltv.org/stats/players/23046/jambo?maps=de_ancient,0.68,0.72,0.49,0.7,0.74,0.75,0.17,0.56,0.22,0.31,0.1,0.11,0.18,0.29,0.15,0.19,0.5,0.11,0.14,0.2,0.28,1.04,0.7,0.12,0.09,0.21,0.57,0.67,0.02,0.79,0.04,0.12,0.58,1.05,0.08,0.7,0.24,0.33,0.18,0.05,0.04,0.59,0.32,0.52,0.72,0.09,2.35,jambo,de_ancient,20,other
https://www.hltv.org/stats/players/23413/s-chilla?maps=de_ancient,0.58,0.67,0.46,0.67,0.69,0.76,0.16,0.59,0.22,0.89,0.13,0.17,0.25,0.34,0.2,0.2,0.6,0.11,0.15,0.22,0.25,1.13,0.49,0.1,0.1,0.2,0.48,0.8,0.03,0.29,0.01,0.07,0.5,0.98,0.07,0.0,0.0,0.0,0.0,0.0,0.0,0.38,0.4,0.9,0.4,0.04,2.24,s-chilla,de_ancient,19,other
https://www.hltv.org/stats/players/23414/jackasmo?maps=de_ancient,0.8,0.73,0.49,0.73,0.73,0.8,0.18,0.61,0.24,0.36,0.09,0.13,0.19,0.26,0.2,0.2,0.69,0.12,0.16,0.22,0.26,1.09,0.24,0.08,0.09,0.17,0.48,0.64,0.03,0.45,0.02,0.1,0.68,1.02,0.07,0.0,0.01,0.01,0.0,0.0005,0.0,0.71,0.57,0.63,0.61,0.05,2.3,jackasmo,de_ancient,17,other
https://www.hltv.org/stats/players/23415/zerrofix?maps=de_ancient,0.32,0.62,0.43,0.62,0.65,0.69,0.14,0.53,0.22,0.9,0.14,0.17,0.24,0.33,0.18,0.21,0.69,0.14,0.14,0.22,0.29,1.11,0.64,0.11,0.12,0.22,0.48,0.79,0.03,0.39,0.02,0.1,0.67,0.98,0.1,0.0,0.0,0.0,0.0,0.0,0.0,0.35,0.36,0.24,0.48,0.03,1.89,zeRRoFIX,de_ancient,17,other
https://www.hltv.org/stats/players/16147/cptkurtka023?maps=de_ancient,0.66,0.69,0.47,0.7,0.68,0.75,0.17,0.6,0.21,0.83,0.13,0.16,0.23,0.33,0.16,0.17,0.52,0.12,0.14,0.2,0.22,1.09,0.68,0.11,0.12,0.24,0.49,0.72,0.03,0.38,0.02,0.08,0.51,0.92,0.04,0.0,0.0,0.0,0.0,0.0005,0.0,0.36,0.35,0.51,0.45,0.04,1.97,cptkurtka023,de_ancient,25,other
https://www.hltv.org/stats/players/19592/headtr1ck?maps=de_ancient,0.62,0.71,0.48,0.65,0.72,0.71,0.18,0.53,0.23,0.25,0.09,0.11,0.18,0.27,0.14,0.22,0.71,0.12,0.16,0.22,0.28,1.01,0.41,0.09,0.06,0.16,0.59,0.74,0.02,0.82,0.03,0.16,0.6,1.1,0.12,0.76,0.23,0.33,0.19,0.06,0.05,0.57,0.43,1.31,0.55,0.05,2.4,headtr1ck,de_ancient,20,other
https://www.hltv.org/stats/players/20112/alex666?maps=de_ancient,0.7,0.69,0.46,0.67,0.71,0.79,0.17,0.58,0.23,0.55,0.11,0.13,0.2,0.3,0.19,0.2,0.57,0.11,0.15,0.21,0.23,1.14,0.41,0.09,0.1,0.19,0.48,0.74,0.03,0.6,0.03,0.1,0.47,0.97,0.06,0.01,0.01,0.02,0.01,0.002,0.001,0.5,0.51,0.83,0.47,0.02,2.19,alex666,de_ancient,23,other
https://www.hltv.org/stats/players/21708/npl?maps=de_ancient,0.8,0.73,0.49,0.72,0.74,0.8,0.18,0.62,0.27,0.91,0.14,0.17,0.26,0.29,0.21,0.19,0.73,0.14,0.16,0.22,0.24,1.11,0.64,0.11,0.12,0.23,0.48,0.72,0.03,0.43,0.02,0.08,0.64,0.95,0.06,0.0,0.0,0.0,0.0,0.0,0.0,0.39,0.39,0.78,0.45,0.04,2.11,npl,de_ancient,19,other
https://www.hltv.org/stats/players/23643/esenthial?maps=de_ancient,0.43,0.65,0.44,0.65,0.65,0.71,0.15,0.56,0.17,0.93,0.15,0.17,0.25,0.33,0.19,0.21,0.72,0.12,0.15,0.23,0.29,1.1,0.48,0.1,0.1,0.2,0.5,0.73,0.03,0.44,0.02,0.08,0.61,0.95,0.06,0.0,0.0,0.0,0.0,0.0,0.0,0.27,0.43,0.65,0.28,0.02,1.88,esenthial,de_ancient,19,other
https://www.hltv.org/stats/players/11840/boombl4?maps=de_ancient,0.32,0.61,0.43,0.6,0.63,0.72,0.14,0.55,0.21,0.62,0.12,0.14,0.21,0.23,0.19,0.21,0.18,0.09,0.11,0.17,0.24,1.18,0.55,0.1,0.13,0.23,0.44,0.7,0.03,0.48,0.02,0.08,0.62,1.03,0.05,0.0,0.01,0.01,0.01,0.001,0.0009,0.76,0.63,0.52,0.66,0.04,2.27,Boombl4,de_ancient,26,other
https://www.hltv.org/stats/players/15071/interz?maps=de_ancient,0.15,0.58,0.42,0.54,0.62,0.64,0.13,0.47,0.2,0.67,0.11,0.14,0.23,0.29,0.15,0.25,0.47,0.1,0.13,0.22,0.26,1.12,0.15,0.06,0.07,0.14,0.46,0.74,0.03,0.63,0.03,0.11,0.62,1.15,0.1,0.0,0.0,0.0,0.0,0.0006,0.0,0.57,0.48,0.71,0.57,0.03,1.86,interz,de_ancient,24,other
https://www.hltv.org/stats/players/16555/ax1le?maps=de_ancient,0.79,0.72,0.48,0.71,0.73,0.8,0.18,0.6,0.22,0.32,0.09,0.12,0.19,0.23,0.17,0.21,0.29,0.1,0.12,0.17,0.21,1.1,0.64,0.11,0.09,0.2,0.56,0.75,0.03,0.46,0.02,0.1,0.66,1.12,0.09,0.01,0.01,0.02,0.01,0.001,0.001,0.74,0.52,0.92,0.76,0.04,2.01,Ax1Le,de_ancient,22,other
https://www.hltv.org/stats/players/20447/heavygod?maps=de_ancient,0.88,0.76,0.5,0.74,0.74,0.83,0.19,0.63,0.24,0.08,0.08,0.1,0.15,0.18,0.15,0.18,0.55,0.12,0.15,0.2,0.21,1.09,0.51,0.1,0.09,0.19,0.55,0.66,0.03,0.79,0.04,0.13,0.57,1.07,0.08,0.0,0.0,0.0,0.01,0.0,0.0,0.6,0.38,0.58,0.73,0.04,2.19,HeavyGod,de_ancient,22,other
https://www.hltv.org/stats/players/21439/icy?maps=de_ancient,0.59,0.71,0.48,0.7,0.74,0.69,0.18,0.55,0.22,0.35,0.09,0.11,0.2,0.41,0.11,0.22,0.74,0.12,0.17,0.24,0.25,0.98,0.42,0.09,0.06,0.15,0.63,0.71,0.02,0.94,0.05,0.15,0.8,1.18,0.13,0.92,0.33,0.46,0.26,0.08,0.07,0.52,0.35,0.57,0.59,0.06,2.3,ICY,de_ancient,19,other
https://www.hltv.org/stats/players/7528/krimz?maps=de_ancient,0.27,0.61,0.43,0.59,0.63,0.67,0.14,0.49,0.2,0.29,0.09,0.12,0.18,0.26,0.14,0.22,0.47,0.11,0.13,0.21,0.26,1.1,0.27,0.08,0.09,0.17,0.46,0.73,0.03,0.38,0.01,0.11,0.58,1.07,0.07,0.0,0.0,0.0,0.0,0.0,0.0,0.75,0.53,0.85,0.71,0.06,2.11,KRIMZ,de_ancient,30,other
https://www.hltv.org/stats/players/8374/bodyy?maps=de_ancient,0.51,0.64,0.44,0.66,0.66,0.74,0.16,0.58,0.19,0.74,0.12,0.15,0.22,0.28,0.19,0.19,0.34,0.11,0.12,0.19,0.22,1.16,0.69,0.11,0.12,0.24,0.48,0.74,0.03,0.33,0.01,0.09,0.5,0.98,0.04,0.0,0.01,0.01,0.0,0.001,0.0,0.8,0.58,0.79,0.75,0.05,2.15,bodyy,de_ancient,28,other
https://www.hltv.org/stats/players/13670/nawwk?maps=de_ancient,0.45,0.68,0.48,0.64,0.69,0.67,0.16,0.51,0.22,0.15,0.07,0.09,0.16,0.32,0.09,0.22,0.54,0.1,0.15,0.22,0.24,0.98,0.27,0.07,0.05,0.12,0.62,0.71,0.02,0.91,0.04,0.18,0.67,1.17,0.12,0.91,0.3,0.44,0.25,0.08,0.05,0.45,0.25,0.51,0.62,0.04,2.17,nawwk,de_ancient,27,other
https://www.hltv.org/stats/players/15165/blamef?maps=de_ancient,0.9,0.76,0.5,0.73,0.8,0.84,0.19,0.62,0.27,0.11,0.08,0.1,0.16,0.22,0.17,0.21,0.55,0.11,0.15,0.2,0.22,1.11,0.81,0.13,0.08,0.21,0.62,0.79,0.03,0.67,0.03,0.15,0.64,1.13,0.16,0.0,0.0,0.0,0.0,0.0003,0.0,0.56,0.73,1.05,0.4,0.03,2.03,blameF,de_ancient,27,other
https://www.hltv.org/stats/players/21062/matys?maps=de_ancient,0.95,0.79,0.5,0.82,0.76,0.85,0.21,0.68,0.25,0.78,0.13,0.16,0.22,0.3,0.16,0.16,0.68,0.14,0.16,0.21,0.21,1.07,0.83,0.14,0.12,0.25,0.54,0.72,0.03,0.27,0.01,0.05,0.78,0.95,0.05,0.0,0.0,0.0,0.0,0.0007,0.0004,0.53,0.43,0.49,0.56,0.03,2.22,MATYS,de_ancient,22,other
https://www.hltv.org/stats/players/15662/zorte?maps=de_ancient,0.55,0.7,0.48,0.67,0.69,0.68,0.17,0.52,0.2,0.15,0.08,0.1,0.17,0.25,0.08,0.18,0.49,0.1,0.15,0.21,0.21,0.98,0.42,0.09,0.07,0.16,0.58,0.73,0.02,0.71,0.03,0.15,0.56,1.1,0.1,0.92,0.33,0.47,0.26,0.1,0.06,0.59,0.29,0.39,0.87,0.06,2.16,zorte,de_ancient,26,other
https://www.hltv.org/stats/players/18506/s1ren?maps=de_ancient,0.51,0.67,0.47,0.64,0.67,0.74,0.15,0.54,0.2,0.52,0.11,0.13,0.2,0.29,0.17,0.2,0.61,0.12,0.15,0.22,0.25,1.1,0.33,0.08,0.08,0.16,0.51,0.76,0.03,0.56,0.02,0.12,0.66,1.05,0.07,0.0,0.0,0.01,0.0,0.0,0.0,0.47,0.4,0.84,0.51,0.04,2.18,S1ren,de_ancient,22,other
https://www.hltv.org/stats/players/21667/magnojez?maps=de_ancient,0.7,0.69,0.47,0.7,0.7,0.8,0.17,0.6,0.25,0.76,0.12,0.16,0.22,0.33,0.2,0.19,0.35,0.1,0.13,0.18,0.23,1.15,0.78,0.13,0.13,0.26,0.5,0.7,0.03,0.31,0.02,0.08,0.72,0.95,0.06,0.01,0.01,0.02,0.01,0.002,0.0,0.72,0.76,0.86,0.55,0.04,2.37,Magnojez,de_ancient,20,other
https://www.hltv.org/stats/players/12092/max?maps=de_ancient,0.66,0.68,0.47,0.67,0.71,0.8,0.16,0.6,0.22,0.43,0.1,0.13,0.2,0.25,0.2,0.2,0.18,0.09,0.11,0.17,0.2,1.17,0.78,0.12,0.12,0.24,0.52,0.76,0.03,0.29,0.01,0.08,0.7,1.0,0.08,0.0,0.0,0.0,0.0,0.0008,0.0,0.65,0.7,0.4,0.48,0.04,2.48,max,de_ancient,25,other
https://www.hltv.org/stats/players/14736/dgt?maps=de_ancient,0.92,0.78,0.52,0.76,0.79,0.84,0.2,0.63,0.22,0.16,0.08,0.11,0.18,0.19,0.16,0.19,0.53,0.11,0.16,0.2,0.21,1.08,0.78,0.13,0.08,0.21,0.61,0.76,0.03,0.55,0.02,0.11,0.62,1.05,0.13,0.0,0.01,0.01,0.01,0.0004,0.0,0.38,0.51,1.03,0.31,0.02,2.1,dgt,de_ancient,23,other
https://www.hltv.org/stats/players/21239/martinezsa?maps=de_ancient,0.8,0.77,0.51,0.76,0.78,0.75,0.19,0.57,0.23,0.28,0.08,0.11,0.2,0.26,0.09,0.18,0.27,0.09,0.13,0.17,0.23,0.97,0.75,0.13,0.07,0.2,0.65,0.75,0.02,0.74,0.03,0.15,0.57,1.15,0.12,0.94,0.42,0.54,0.3,0.11,0.09,0.53,0.2,0.26,0.71,0.08,2.36,MartinezSa,de_ancient,24,other
https://www.hltv.org/stats/players/22613/huasopeek?maps=de_ancient,0.65,0.7,0.46,0.67,0.7,0.74,0.18,0.54,0.22,0.79,0.12,0.15,0.23,0.38,0.19,0.21,0.67,0.12,0.15,0.22,0.3,1.05,0.46,0.1,0.1,0.2,0.48,0.72,0.03,0.53,0.02,0.09,0.67,1.02,0.08,0.0,0.01,0.01,0.01,0.002,0.0008,0.45,0.36,0.77,0.51,0.05,2.3,HUASOPEEK,de_ancient,21,other
https://www.hltv.org/stats/players/19187/xfl0ud?maps=de_ancient,0.6,0.66,0.45,0.64,0.7,0.78,0.16,0.6,0.26,0.5,0.1,0.14,0.2,0.31,0.23,0.21,0.19,0.09,0.11,0.16,0.22,1.19,0.77,0.13,0.13,0.26,0.49,0.71,0.03,0.35,0.02,0.08,0.5,0.92,0.04,0.0,0.01,0.01,0.0,0.0007,0.0,0.63,0.54,0.82,0.54,0.04,2.39,xfl0ud,de_ancient,22,other
https://www.hltv.org/stats/players/19310/lnz?maps=de_ancient,0.28,0.61,0.42,0.6,0.62,0.68,0.14,0.51,0.17,0.69,0.11,0.15,0.22,0.33,0.16,0.21,0.53,0.1,0.14,0.22,0.26,1.12,0.3,0.08,0.1,0.18,0.45,0.75,0.03,0.44,0.02,0.1,0.61,1.02,0.07,0.0,0.0,0.01,0.0,0.0007,0.0004,0.74,0.53,0.76,0.65,0.07,2.41,LNZ,de_ancient,22,other
https://www.hltv.org/stats/players/20245/samey?maps=de_ancient,0.64,0.73,0.49,0.69,0.71,0.7,0.18,0.55,0.2,0.3,0.09,0.12,0.19,0.22,0.09,0.18,0.62,0.11,0.16,0.22,0.24,0.97,0.47,0.1,0.06,0.16,0.6,0.77,0.02,0.67,0.03,0.14,0.6,1.08,0.07,0.93,0.35,0.49,0.29,0.1,0.07,0.59,0.33,1.19,0.68,0.07,2.2,SaMey,de_ancient,25,other
https://www.hltv.org/stats/players/22047/yxngstxr?maps=de_ancient,0.64,0.69,0.47,0.72,0.67,0.74,0.17,0.59,0.18,0.9,0.14,0.17,0.24,0.33,0.18,0.17,0.62,0.11,0.15,0.22,0.26,1.07,0.47,0.09,0.12,0.22,0.43,0.73,0.03,0.4,0.02,0.08,0.76,0.93,0.04,0.0,0.01,0.01,0.01,0.001,0.0006,0.4,0.43,0.53,0.45,0.02,2.09,yxngstxr,de_ancient,20,other
https://www.hltv.org/stats/players/22361/jottaaa?maps=de_ancient,0.94,0.81,0.55,0.79,0.75,0.84,0.2,0.66,0.21,0.36,0.11,0.12,0.18,0.23,0.17,0.15,0.75,0.14,0.17,0.21,0.27,1.03,0.52,0.1,0.08,0.18,0.56,0.74,0.03,0.52,0.02,0.12,0.42,0.95,0.05,0.0,0.01,0.01,0.01,0.0,0.001,0.32,0.38,0.73,0.35,0.04,2.26,jottAAA,de_ancient,22,other
https://www.hltv.org/stats/players/9278/rez?maps=de_ancient,0.65,0.7,0.47,0.7,0.71,0.75,0.17,0.59,0.24,0.36,0.09,0.13,0.2,0.26,0.15,0.21,0.39,0.11,0.13,0.19,0.22,1.08,0.55,0.1,0.1,0.2,0.51,0.74,0.03,0.47,0.02,0.1,0.76,1.07,0.08,0.07,0.05,0.06,0.03,0.007,0.008,0.55,0.39,0.89,0.62,0.04,2.23,REZ,de_ancient,27,other
https://www.hltv.org/stats/players/16811/mistem?maps=de_ancient,0.45,0.65,0.45,0.67,0.63,0.72,0.15,0.56,0.19,0.46,0.09,0.14,0.2,0.19,0.15,0.17,0.41,0.09,0.14,0.21,0.24,1.1,0.4,0.09,0.11,0.2,0.45,0.78,0.03,0.61,0.03,0.11,0.6,0.92,0.04,0.0,0.0,0.0,0.0,0.001,0.0005,0.77,0.47,0.71,0.85,0.09,2.39,MisteM,de_ancient,23,other
https://www.hltv.org/stats/players/17937/isak?maps=de_ancient,0.4,0.63,0.44,0.62,0.64,0.72,0.15,0.54,0.22,0.42,0.09,0.13,0.19,0.31,0.16,0.2,0.36,0.1,0.13,0.2,0.21,1.14,0.3,0.08,0.09,0.17,0.49,0.7,0.03,0.59,0.02,0.11,0.62,1.05,0.07,0.0,0.01,0.01,0.01,0.0008,0.0008,0.49,0.44,1.04,0.5,0.04,2.17,isak,de_ancient,23,other
https://www.hltv.org/stats/players/20425/r1nkle?maps=de_ancient,0.77,0.74,0.49,0.73,0.73,0.75,0.19,0.58,0.22,0.22,0.09,0.11,0.18,0.25,0.11,0.17,0.45,0.1,0.15,0.2,0.23,1.01,0.73,0.12,0.08,0.2,0.6,0.77,0.02,0.67,0.03,0.14,0.56,1.03,0.1,0.93,0.36,0.48,0.28,0.1,0.1,0.58,0.36,0.93,0.64,0.07,2.25,r1nkle,de_ancient,20,other
https://www.hltv.org/stats/players/8565/hen1?maps=de_ancient,0.55,0.68,0.48,0.63,0.73,0.73,0.16,0.53,0.22,0.23,0.09,0.1,0.19,0.25,0.13,0.23,0.35,0.1,0.13,0.19,0.22,1.08,0.36,0.09,0.05,0.14,0.66,0.69,0.02,0.62,0.02,0.15,0.48,1.18,0.14,0.91,0.31,0.45,0.23,0.07,0.06,0.79,0.5,0.64,0.96,0.1,2.33,HEN1,de_ancient,29,other
https://www.hltv.org/stats/players/9216/coldzera?maps=de_ancient,0.6,0.68,0.46,0.68,0.7,0.74,0.17,0.55,0.2,0.38,0.09,0.13,0.2,0.27,0.14,0.21,0.27,0.09,0.12,0.18,0.23,1.08,0.44,0.09,0.09,0.18,0.51,0.77,0.03,0.65,0.03,0.11,0.57,1.15,0.1,0.09,0.05,0.08,0.05,0.01,0.01,0.57,0.35,0.41,0.71,0.05,2.01,coldzera,de_ancient,30,other
https://www.hltv.org/stats/players/21288/venomzera?maps=de_ancient,0.84,0.73,0.47,0.75,0.74,0.81,0.19,0.63,0.26,0.73,0.12,0.15,0.23,0.32,0.18,0.2,0.4,0.11,0.13,0.18,0.22,1.1,0.74,0.12,0.12,0.24,0.51,0.71,0.03,0.34,0.01,0.1,0.62,1.05,0.08,0.0,0.0,0.0,0.0,0.0,0.0,0.69,0.55,1.01,0.6,0.05,2.15,venomzera,de_ancient,20,other
https://www.hltv.org/stats/players/9911/kreaz?maps=de_ancient,0.56,0.66,0.46,0.66,0.69,0.77,0.16,0.59,0.2,0.51,0.1,0.13,0.2,0.31,0.19,0.21,0.33,0.09,0.13,0.19,0.23,1.16,0.43,0.09,0.09,0.18,0.5,0.78,0.03,0.52,0.02,0.12,0.62,1.03,0.11,0.02,0.02,0.03,0.01,0.004,0.001,0.75,0.55,0.64,0.73,0.04,2.06,kreaz,de_ancient,26,other
https://www.hltv.org/stats/players/12945/blytz?maps=de_ancient,0.73,0.7,0.47,0.72,0.7,0.79,0.18,0.61,0.21,0.58,0.11,0.14,0.21,0.23,0.17,0.18,0.58,0.12,0.15,0.21,0.22,1.13,0.69,0.11,0.13,0.24,0.48,0.73,0.03,0.25,0.01,0.08,0.52,0.98,0.08,0.01,0.01,0.01,0.0,0.003,0.0007,0.45,0.48,0.41,0.44,0.03,2.16,Blytz,de_ancient,24,other
https://www.hltv.org/stats/players/19069/forsyy?maps=de_ancient,0.68,0.72,0.48,0.71,0.72,0.72,0.18,0.57,0.19,0.2,0.09,0.1,0.17,0.3,0.1,0.2,0.41,0.1,0.14,0.2,0.23,1.01,0.46,0.1,0.05,0.15,0.64,0.77,0.02,0.67,0.02,0.15,0.61,1.13,0.14,0.94,0.42,0.58,0.31,0.12,0.07,0.58,0.35,0.88,0.67,0.07,2.28,forsyy,de_ancient,23,other
https://www.hltv.org/stats/players/19594/nbqq?maps=de_ancient,0.63,0.69,0.47,0.7,0.69,0.76,0.16,0.58,0.22,0.43,0.09,0.14,0.2,0.25,0.16,0.18,0.19,0.09,0.12,0.17,0.21,1.09,0.76,0.13,0.13,0.25,0.5,0.7,0.03,0.39,0.02,0.09,0.51,0.98,0.08,0.03,0.02,0.03,0.01,0.005,0.002,0.31,0.36,0.44,0.4,0.02,2.29,nbqq,de_ancient,27,other
https://www.hltv.org/stats/players/19815/dytor?maps=de_ancient,0.78,0.72,0.48,0.72,0.7,0.8,0.18,0.61,0.23,0.42,0.1,0.13,0.2,0.22,0.18,0.18,0.55,0.12,0.15,0.2,0.23,1.12,0.53,0.1,0.11,0.21,0.48,0.67,0.03,0.32,0.02,0.07,0.5,0.98,0.06,0.01,0.01,0.01,0.01,0.003,0.0003,0.49,0.49,0.96,0.44,0.04,2.27,Dytor,de_ancient,22,other
https://www.hltv.org/stats/players/7028/summer?maps=de_ancient,0.45,0.63,0.43,0.61,0.65,0.72,0.16,0.53,0.2,0.63,0.11,0.15,0.22,0.29,0.19,0.22,0.34,0.09,0.12,0.2,0.26,1.14,0.28,0.08,0.09,0.17,0.45,0.78,0.03,0.54,0.03,0.09,0.84,1.0,0.05,0.01,0.0,0.01,0.0,0.002,0.002,0.85,0.65,0.6,0.82,0.05,2.25,Summer,de_ancient,27,other
https://www.hltv.org/stats/players/8605/somebody?maps=de_ancient,0.82,0.75,0.51,0.72,0.74,0.8,0.18,0.61,0.22,0.66,0.1,0.16,0.23,0.27,0.22,0.18,0.2,0.08,0.12,0.16,0.27,1.07,0.54,0.1,0.1,0.21,0.5,0.73,0.03,0.61,0.03,0.1,0.52,0.95,0.05,0.02,0.02,0.03,0.02,0.002,0.002,0.65,0.45,0.81,0.67,0.04,2.17,somebody,de_ancient,29,other
https://www.hltv.org/stats/players/8950/kaze?maps=de_ancient,0.33,0.65,0.45,0.58,0.67,0.65,0.15,0.47,0.19,0.17,0.08,0.1,0.18,0.24,0.09,0.24,0.4,0.09,0.13,0.21,0.24,1.01,0.33,0.09,0.04,0.12,0.69,0.67,0.02,0.79,0.03,0.17,0.56,1.15,0.1,0.91,0.31,0.47,0.23,0.07,0.06,0.67,0.34,0.85,0.98,0.11,2.49,kaze,de_ancient,30,other
https://www.hltv.org/stats/players/19681/childking?maps=de_ancient,0.86,0.75,0.48,0.78,0.73,0.81,0.19,0.65,0.26,0.31,0.09,0.13,0.19,0.21,0.18,0.18,0.29,0.09,0.13,0.18,0.22,1.09,0.67,0.11,0.12,0.23,0.5,0.72,0.03,0.53,0.03,0.09,0.8,0.97,0.04,0.01,0.01,0.02,0.01,0.003,0.001,0.63,0.47,0.51,0.68,0.03,2.09,ChildKing,de_ancient,25,other
https://www.hltv.org/stats/players/21825/l1hang?maps=de_ancient,0.91,0.77,0.51,0.76,0.78,0.87,0.19,0.67,0.28,0.6,0.11,0.14,0.21,0.26,0.25,0.2,0.74,0.13,0.17,0.22,0.24,1.13,0.81,0.13,0.12,0.25,0.52,0.74,0.03,0.24,0.01,0.08,0.64,0.93,0.05,0.0,0.0,0.0,0.0,0.0,0.0,0.64,0.71,1.08,0.5,0.03,2.08,L1haNg,de_ancient,21,other
https://www.hltv.org/stats/players/16080/dycha?maps=de_ancient,0.53,0.66,0.45,0.64,0.67,0.75,0.16,0.56,0.26,0.48,0.09,0.14,0.2,0.33,0.17,0.21,0.32,0.09,0.13,0.19,0.23,1.13,0.26,0.08,0.09,0.17,0.45,0.75,0.03,0.46,0.02,0.11,0.59,1.03,0.07,0.0,0.0,0.01,0.0,0.0007,0.001,0.76,0.52,1.12,0.7,0.06,2.27,dycha,de_ancient,27,other
https://www.hltv.org/stats/players/16848/hades?maps=de_ancient,0.54,0.7,0.48,0.7,0.67,0.69,0.17,0.54,0.2,0.19,0.08,0.11,0.18,0.26,0.09,0.17,0.16,0.07,0.12,0.17,0.23,1.0,0.47,0.1,0.07,0.16,0.6,0.73,0.02,0.58,0.02,0.13,0.68,1.07,0.08,0.92,0.32,0.46,0.25,0.09,0.06,0.55,0.25,0.53,0.74,0.07,2.36,hades,de_ancient,25,other
https://www.hltv.org/stats/players/17504/kei?maps=de_ancient,0.76,0.71,0.48,0.72,0.69,0.8,0.18,0.62,0.2,0.35,0.1,0.13,0.18,0.22,0.17,0.16,0.34,0.1,0.13,0.19,0.21,1.13,0.66,0.11,0.12,0.23,0.49,0.7,0.03,0.53,0.03,0.09,0.48,0.98,0.05,0.0,0.0,0.0,0.0,0.0003,0.0003,0.51,0.42,0.53,0.55,0.03,2.17,KEi,de_ancient,23,other
https://www.hltv.org/stats/players/19733/demqq?maps=de_ancient,0.51,0.66,0.46,0.62,0.69,0.73,0.16,0.53,0.22,0.64,0.11,0.14,0.22,0.34,0.17,0.22,0.51,0.11,0.14,0.21,0.23,1.11,0.55,0.1,0.1,0.2,0.51,0.77,0.03,0.54,0.02,0.11,0.56,1.02,0.08,0.0,0.0,0.01,0.0,0.0003,0.0,0.51,0.45,0.95,0.5,0.04,2.17,DemQQ,de_ancient,23,other
https://www.hltv.org/stats/players/20282/krasnal?maps=de_ancient,0.76,0.7,0.47,0.68,0.71,0.8,0.18,0.6,0.22,0.82,0.12,0.17,0.24,0.28,0.18,0.18,0.47,0.11,0.14,0.2,0.21,1.14,0.61,0.11,0.11,0.22,0.49,0.72,0.03,0.35,0.02,0.07,0.58,0.93,0.05,0.01,0.01,0.01,0.01,0.003,0.0003,0.5,0.5,0.46,0.48,0.03,1.85,kRaSnaL,de_ancient,21,other
https://www.hltv.org/stats/players/20387/xant3r?maps=de_ancient,0.78,0.71,0.48,0.72,0.74,0.82,0.18,0.65,0.26,0.66,0.1,0.15,0.22,0.29,0.24,0.2,0.46,0.11,0.14,0.19,0.25,1.15,0.82,0.13,0.13,0.27,0.5,0.72,0.03,0.35,0.02,0.07,0.71,0.98,0.05,0.0,0.0,0.01,0.0,0.0004,0.0,0.69,0.88,1.15,0.52,0.04,2.23,Xant3r,de_ancient,21,other
https://www.hltv.org/stats/players/21266/1eer?maps=de_ancient,0.43,0.63,0.44,0.62,0.67,0.74,0.15,0.56,0.21,0.85,0.14,0.16,0.24,0.26,0.24,0.23,0.45,0.1,0.13,0.21,0.29,1.17,0.37,0.09,0.09,0.18,0.49,0.78,0.03,0.45,0.02,0.11,0.62,1.03,0.07,0.0,0.0,0.0,0.0,0.0,0.0,0.69,0.62,0.74,0.55,0.05,2.26,1eeR,de_ancient,23,other
https://www.hltv.org/stats/players/22460/riskyb0b?maps=de_ancient,0.54,0.66,0.45,0.64,0.68,0.76,0.16,0.56,0.21,0.78,0.13,0.15,0.22,0.31,0.22,0.21,0.52,0.11,0.13,0.2,0.28,1.15,0.56,0.11,0.11,0.22,0.49,0.69,0.03,0.31,0.01,0.09,0.58,0.98,0.04,0.01,0.01,0.02,0.01,0.002,0.0,0.66,0.65,0.95,0.53,0.04,2.28,riskyb0b,de_ancient,22,other
https://www.hltv.org/stats/players/23317/khan?maps=de_ancient,0.47,0.68,0.47,0.62,0.68,0.66,0.17,0.48,0.19,0.25,0.09,0.11,0.18,0.3,0.11,0.2,0.58,0.11,0.14,0.21,0.31,0.98,0.29,0.08,0.06,0.14,0.57,0.73,0.02,0.73,0.03,0.14,0.39,1.08,0.07,0.92,0.32,0.46,0.26,0.08,0.05,0.64,0.34,0.9,0.84,0.09,2.24,khaN,de_ancient,21,other
https://www.hltv.org/stats/players/23685/zweih?maps=de_ancient,0.84,0.76,0.51,0.71,0.73,0.8,0.18,0.59,0.24,0.44,0.11,0.13,0.19,0.25,0.2,0.19,0.62,0.13,0.15,0.2,0.29,1.05,0.68,0.12,0.1,0.22,0.54,0.74,0.03,0.4,0.02,0.1,0.59,0.98,0.04,0.0,0.01,0.01,0.0,0.0008,0.0,0.38,0.38,0.23,0.45,0.04,2.3,zweih,de_ancient,17,other
https://www.hltv.org/stats/players/7412/gla1ve?maps=de_ancient,0.33,0.61,0.43,0.59,0.64,0.7,0.15,0.52,0.17,0.54,0.1,0.14,0.21,0.32,0.17,0.21,0.15,0.07,0.11,0.18,0.24,1.15,0.5,0.1,0.11,0.21,0.47,0.71,0.03,0.43,0.02,0.08,0.41,1.07,0.05,0.03,0.02,0.03,0.01,0.008,0.005,0.85,0.57,0.98,0.86,0.07,2.37,gla1ve,de_ancient,29,other
https://www.hltv.org/stats/players/21815/podi?maps=de_ancient,0.52,0.69,0.48,0.67,0.69,0.7,0.16,0.53,0.2,0.08,0.07,0.1,0.16,0.2,0.13,0.19,0.67,0.12,0.15,0.22,0.28,1.02,0.29,0.08,0.05,0.13,0.61,0.72,0.02,0.84,0.04,0.17,0.56,1.12,0.11,0.86,0.27,0.38,0.21,0.07,0.05,0.65,0.44,0.93,0.62,0.06,2.51,podi,de_ancient,20,other
https://www.hltv.org/stats/players/21972/neityu?maps=de_ancient,0.56,0.67,0.47,0.65,0.69,0.76,0.15,0.56,0.23,0.55,0.12,0.13,0.2,0.36,0.2,0.22,0.7,0.13,0.15,0.22,0.27,1.13,0.17,0.07,0.07,0.13,0.5,0.7,0.03,0.77,0.04,0.1,0.57,1.07,0.06,0.0,0.0,0.0,0.0,0.0,0.0,0.86,0.61,0.45,0.84,0.08,2.36,Neityu,de_ancient,19,other
https://www.hltv.org/stats/players/23372/xkacpersky?maps=de_ancient,0.94,0.77,0.49,0.78,0.75,0.89,0.2,0.69,0.21,0.64,0.13,0.14,0.2,0.24,0.25,0.18,0.26,0.09,0.13,0.16,0.26,1.16,0.8,0.12,0.13,0.25,0.49,0.81,0.04,0.55,0.03,0.08,1.0,0.9,0.04,0.0,0.0,0.0,0.0,0.0,0.0,0.43,0.79,0.88,0.16,0.01,2.03,xKacpersky,de_ancient,18,other
